,Station Name,ID,Lat,Lon,GLOSS ID,Country,Date,Coastline,Station
0,HELIGMAN,231,60.2,19.3,,ALA,01/01/1980,60,251
1,KOBBAKLINTAR,63,60.033,19.883,,ALA,01/01/1980,60,261
2,LEMSTROM,84,60.1,20.017,,ALA,01/01/1980,60,271
3,FOGLO / DEGERBY,249,60.032,20.385,,ALA,06/10/2015,60,281
4,PAGO PAGO,539,-14.28,-170.69,144.0,ASM,28/04/2015,745,1
5,BAHIA ESPERANZA,988,-63.3,-56.917,185.0,ATA,11/05/1999,999,1
6,ARGENTINE ISLANDS,913,-65.246,-64.257,188.0,ATA,21/05/2015,999,3
7,PUERTO SOBERANIA,1603,-62.483,-59.633,189.0,ATA,30/09/2004,999,5
8,ALMIRANTE BROWN,858,-64.9,-62.867,,ATA,01/01/1980,999,24
9,CAPE ROBERTS ANTARCTICA,1763,-77.034,163.191,,ATA,27/09/2010,999,70
10,SCOTT BASE,2029,-77.85,166.769,134.0,ATA,23/02/2012,999,80
11,ROTHERA,1931,-67.571,-68.13,342.0,ATA,21/05/2015,999,103
12,USHUAIA I,874,-54.817,-68.217,181.0,ARG,01/01/1980,860,1
13,USHUAIA II,1271,-54.817,-68.217,181.0,ARG,12/11/2007,860,2
14,PUERTO DESEADO,185,-47.75,-65.917,190.0,ARG,21/10/2015,860,11
15,COMODORO RIVADAVIA,181,-45.867,-67.483,,ARG,01/01/1980,860,21
16,PUERTO MADRYN,501,-42.767,-65.033,191.0,ARG,25/10/2010,860,31
17,PIRAMIDE,867,-42.583,-64.283,,ARG,01/01/1980,860,41
18,ROSALES,870,-38.933,-62.067,,ARG,01/01/1980,860,61
19,QUEQUEN,223,-38.583,-58.7,,ARG,05/04/1990,860,81
20,MAR DEL PLATA (PUERTO),857,-38.033,-57.533,192.0,ARG,01/01/1980,860,91
21,MAR DEL PLATA (NAVAL BASE),819,-38.033,-57.517,192.0,ARG,05/08/2015,860,101
22,MAR DE AJO,1542,-36.7,-56.667,,ARG,02/03/1988,860,124
23,RIO SANTIAGO,897,-34.85,-57.9,,ARG,01/01/1980,860,141
24,BUENOS AIRES,157,-34.6,-58.367,,ARG,14/05/1991,860,151
25,PALERMO,832,-34.567,-58.4,,ARG,05/08/2015,860,161
26,ISLA MARTIN GARCIA,864,-34.183,-58.25,,ARG,01/01/1980,860,171
27,DARWIN,935,-12.472,130.846,62.0,AUS,19/05/2015,680,11
28,MILNER BAY (GROOTE EYLANDT),1160,-13.86,136.416,,AUS,19/05/2015,680,15
29,KARUMBA,835,-17.5,140.833,,AUS,19/05/2015,680,18
30,WEIPA,1157,-12.667,141.867,,AUS,19/05/2015,680,21
31,BOOBY ISLAND,1268,-10.603,141.91,61.0,AUS,28/10/2014,680,25
32,TURTLE HEAD,1749,-10.522,142.212,,AUS,19/05/2015,680,28
33,PORT DOUGLAS 2,1471,-16.483,145.467,,AUS,19/05/2015,680,37
34,CAIRNS,953,-16.917,145.783,,AUS,19/05/2015,680,41
35,MOURILYAN HARBOUR,1629,-17.583,146.083,,AUS,19/05/2015,680,43
36,LUCINDA,1630,-18.517,146.383,,AUS,19/05/2015,680,47
37,BOWEN II,2074,-20.017,148.25,,AUS,28/10/2014,680,50
38,TOWNSVILLE I,637,-19.25,146.833,60.0,AUS,19/05/2015,680,51
39,CAPE FERGUSON,1492,-19.277,147.058,,AUS,19/05/2015,680,54
40,SHUTE HARBOUR 2,1569,-20.283,148.783,,AUS,19/05/2015,680,58
41,MACKAY,564,-21.1,149.233,,AUS,19/05/2015,680,61
42,ROSSLYN BAY,1760,-23.161,150.79,,AUS,19/05/2015,680,69
43,PORT ALMA,2072,-23.583,150.867,,AUS,28/10/2014,680,70
44,GLADSTONE,825,-23.854,151.314,,AUS,27/01/2016,680,71
45,"BUNDABERG, BURNETT HEADS",1154,-24.767,152.383,59.0,AUS,19/05/2015,680,73
46,BRISBANE (WEST INNER BAR),822,-27.367,153.167,58.0,AUS,19/05/2015,680,78
47,BALLINA,319,-28.867,153.583,,AUS,01/01/1980,680,81
48,EVANS HEAD,1229,-29.117,153.433,,AUS,01/01/1980,680,93
49,YAMBA,310,-29.43,153.362,,AUS,19/05/2015,680,101
50,COFF'S HARBOUR I,799,-30.317,153.083,,AUS,11/03/1987,680,111
51,LORD HOWE ISLAND,818,-31.517,159.067,148.0,AUS,27/01/2016,680,121
52,NEWCASTLE I,320,-32.917,151.8,,AUS,01/01/1980,680,131
53,NEWCASTLE II,1335,-32.917,151.8,,AUS,04/11/1987,680,132
54,NEWCASTLE III,267,-32.917,151.8,,AUS,12/04/1989,680,133
55,NEWCASTLE V,837,-32.924,151.789,,AUS,19/05/2015,680,135
56,"SYDNEY, FORT DENISON 2",196,-33.855,151.226,57.0,AUS,28/10/2014,680,140
57,"SYDNEY, FORT DENISON",65,-33.85,151.233,57.0,AUS,10/05/2000,680,141
58,CAMP COVE,549,-33.833,151.283,,AUS,20/02/1990,680,151
59,PORT KEMBLA,831,-34.474,150.912,,AUS,19/05/2015,680,161
60,EDEN,833,-37.074,149.908,,AUS,19/05/2015,680,171
61,STONY POINT,1033,-38.372,145.225,,AUS,19/05/2015,680,178
62,BURNIE,683,-41.05,145.915,,AUS,19/05/2015,680,193
63,DEVONPORT,1118,-41.185,146.362,,AUS,19/05/2015,680,195
64,SPRING BAY,1216,-42.546,147.933,56.0,AUS,19/05/2015,680,199
65,LORNE,1836,-38.547,143.989,,AUS,19/05/2015,680,226
66,PORTLAND,1547,-38.343,141.613,55.0,AUS,19/05/2015,680,231
67,PORT MACDONNELL I,871,-38.0,140.667,,AUS,01/01/1980,680,241
68,BEACHPORT,304,-37.5,140.0,,AUS,31/05/1989,680,251
69,KINGSTON,515,-36.833,139.85,,AUS,01/01/1980,680,271
70,VICTOR HARBOUR,1069,-35.562,138.635,,AUS,19/05/2015,680,275
71,BRIGHTON,677,-35.033,138.517,,AUS,01/01/1980,680,291
72,PORT STANVAC,1506,-35.109,138.467,,AUS,13/10/2011,680,298
73,PORT ADELAIDE (OUTER HARBOR),448,-34.78,138.481,,AUS,19/05/2015,680,311
74,SECOND VALLEY,443,-35.517,138.167,,AUS,01/01/1980,680,321
75,PORT GILES,1550,-35.022,137.768,,AUS,19/05/2015,680,340
76,EDITHBURG,516,-35.083,137.75,,AUS,01/01/1980,680,341
77,AMERICAN RIVER,631,-35.8,137.767,,AUS,01/01/1980,680,361
78,STENHOUSE BAY,492,-35.25,137.767,,AUS,01/01/1980,680,371
79,PORT WALLAROO,383,-33.933,137.633,,AUS,01/01/1980,680,381
80,WALLAROO II,1420,-33.926,137.615,,AUS,19/05/2015,680,382
81,PORT PIRIE,216,-33.178,138.012,,AUS,19/05/2015,680,391
82,PORT AUGUSTA,574,-32.55,137.783,,AUS,11/03/1987,680,401
83,WHYALLA III,1367,-33.013,137.59,,AUS,19/05/2015,680,410
84,WHYALLA,493,-33.017,137.567,,AUS,01/01/1980,680,411
85,FRANKLIN HARBOR,402,-33.683,136.933,,AUS,01/01/1980,680,421
86,PORT LINCOLN,230,-34.716,135.87,,AUS,19/05/2015,680,431
87,THEVENARD,386,-32.149,133.641,308.0,AUS,19/05/2015,680,441
88,ESPERANCE,1114,-33.871,121.895,54.0,AUS,19/05/2015,680,446
89,ALBANY,957,-35.034,117.893,,AUS,19/05/2015,680,451
90,BUNBURY,834,-33.323,115.66,,AUS,19/05/2015,680,461
91,FREMANTLE,111,-32.066,115.748,53.0,AUS,28/10/2014,680,471
92,HILLARYS,1761,-31.826,115.739,,AUS,19/05/2015,680,472
93,GERALDTON,1031,-28.776,114.602,,AUS,19/05/2015,680,474
94,CARNARVON,1115,-24.899,113.651,52.0,AUS,19/05/2015,680,479
95,EXMOUTH,1762,-21.955,114.141,,AUS,19/05/2015,680,482
96,ONSLOW,1631,-21.65,115.132,,AUS,19/05/2015,680,483
97,KING BAY,1549,-20.624,116.749,,AUS,19/05/2015,680,486
98,CAPE LAMBERT,1328,-20.588,117.186,,AUS,19/05/2015,680,491
99,PORT HEDLAND,189,-20.318,118.574,51.0,AUS,19/05/2015,680,494
100,BROOME,1159,-18.001,122.219,40.0,AUS,19/05/2015,680,497
101,WYNDHAM,1116,-15.453,128.101,,AUS,19/05/2015,680,507
102,URANGAN,2073,-25.3,152.917,,AUS,28/10/2014,680,600
103,INCE POINT,1300,-10.508,142.31,,AUS,19/05/2015,680,601
104,GOODS ISLAND,1368,-10.562,142.152,,AUS,28/10/2014,680,602
105,GOLD COAST SEAWAY 2,1704,-27.95,153.417,,AUS,28/10/2014,680,604
106,MOOLOOLABA 2,1493,-26.683,153.133,,AUS,19/05/2015,680,605
107,HAY POINT,1246,-21.283,149.3,,AUS,19/05/2015,680,606
108,SETTLEMENT POINT,1646,26.71,-78.997,211.0,BHS,10/07/2002,941,1
109,SETTLEMENT POINT A,1928,26.683,-78.983,211.0,BHS,13/01/2016,941,2
110,MINA SULMAN,1494,26.233,50.6,,BHR,17/01/2012,482,19
111,HIRON POINT,1451,21.783,89.467,,BGD,08/06/2005,510,3
112,CHARCHANGA,1496,22.217,91.05,36.0,BGD,17/06/2013,510,8
113,CHITTAGONG A,2196,22.247,91.825,36.0,BGD,15/10/2015,510,26
114,KHEPUPARA,1454,21.833,89.833,,BGD,17/10/2002,510,37
115,COX'S BAZAAR,1476,21.45,91.833,,BGD,17/06/2013,510,41
116,ZEEBRUGGE,470,51.35,3.2,,BEL,20/01/2014,160,11
117,OOSTENDE,413,51.233,2.917,,BEL,20/01/2014,160,21
118,NIEUWPOORT,489,51.15,2.733,,BEL,20/01/2014,160,31
119,PAGET ISLAND,886,32.367,-64.667,,BMU,01/01/1980,950,1
120,ST. GEORGES / ESSO PIER (BERMUDA),368,32.373,-64.703,221.0,BMU,28/04/2015,950,11
121,IMBITUBA,542,-28.233,-48.65,351.0,BRA,01/01/1980,874,31
122,CANANEIA,726,-25.017,-47.933,194.0,BRA,18/07/2007,874,51
123,RIO DE JANEIRO,579,-22.933,-43.133,,BRA,01/01/1980,874,91
124,ILHA FISCAL,1032,-22.897,-43.167,195.0,BRA,01/04/2014,874,92
125,CANAVIEIRAS,699,-15.667,-38.967,,BRA,01/01/1980,874,106
126,SALVADOR,578,-12.967,-38.517,334.0,BRA,01/01/1980,874,111
127,RECIFE,556,-8.05,-34.867,,BRA,01/01/1980,874,121
128,FORTALEZA,559,-3.717,-38.483,336.0,BRA,01/01/1980,874,151
129,SALINOPOLIS,589,-0.65,-47.383,,BRA,01/01/1980,874,158
130,BELEM,580,-1.45,-48.5,,BRA,01/01/1980,874,161
131,SANTANA,1975,-0.05,-51.167,,BRA,18/03/1987,874,171
132,DIEGO GARCIA-C,1740,-7.283,72.4,26.0,IOT,17/10/2002,453,3
133,DIEGO GARCIA D,2190,-7.29,72.393,26.0,IOT,23/06/2014,453,5
134,BOURGAS,317,42.483,27.483,,BGR,27/08/1997,295,21
135,VARNA,318,43.183,27.917,,BGR,27/08/1997,295,51
136,PRINCE RUPERT,167,54.317,-130.333,155.0,CAN,27/07/2015,822,1
137,LANGARA POINT,840,54.25,-133.033,,CAN,05/07/2005,822,5
138,QUEEN CHARLOTTE CITY,829,53.25,-132.067,,CAN,27/07/2015,822,8
139,BELLA COOLA,1084,52.367,-126.783,,CAN,01/01/1980,822,13
140,BELLA BELLA,984,52.167,-128.133,,CAN,30/07/2015,822,16
141,PORT HARDY,1071,50.717,-127.483,,CAN,27/07/2015,822,20
142,ALERT BAY,554,50.583,-126.95,,CAN,01/01/1980,822,21
143,CAMPBELL RIVER,1323,50.017,-125.233,,CAN,27/07/2015,822,27
144,COMOX,630,49.667,-124.917,,CAN,01/01/1980,822,31
145,NANOOSE BAY,1825,49.267,-124.133,,CAN,04/06/1996,822,33
146,POINT ATKINSON,193,49.333,-123.25,,CAN,30/07/2015,822,51
147,VANCOUVER,175,49.283,-123.117,,CAN,27/07/2015,822,71
148,NEW WESTMINSTER,1245,49.2,-122.917,,CAN,27/07/2015,822,75
149,STEVESTON,1255,49.117,-123.183,,CAN,19/04/2000,822,83
150,TSAWWASSEN,1341,49.0,-123.133,,CAN,01/01/1980,822,85
151,FULFORD HARBOUR,688,48.767,-123.45,,CAN,04/06/1996,822,96
152,PATRICIA BAY,1152,48.65,-123.45,,CAN,27/07/2015,822,98
153,VICTORIA,166,48.417,-123.367,,CAN,27/07/2015,822,101
154,SOOKE,921,48.367,-123.733,,CAN,25/10/1993,822,104
155,PORT RENFREW,842,48.55,-124.417,,CAN,19/04/2000,822,106
156,BAMFIELD,1242,48.85,-125.133,,CAN,27/07/2015,822,108
157,PORT ALBERNI,527,49.233,-124.817,,CAN,19/04/2000,822,111
158,TOFINO,165,49.15,-125.917,156.0,CAN,30/07/2015,822,116
159,WINTER HARBOUR,1799,50.517,-128.033,,CAN,27/07/2015,822,124
160,"SAINT JOHN, N.B.",195,45.267,-66.067,,CAN,27/07/2015,970,1
161,DIGBY,1230,44.633,-65.75,,CAN,01/01/1980,970,5
162,YARMOUTH,1158,43.833,-66.133,,CAN,30/07/2015,970,7
163,BOUTILIER POINT,1259,44.667,-63.967,,CAN,07/06/1989,970,9
164,HALIFAX,96,44.667,-63.583,222.0,CAN,27/07/2015,970,11
165,POINT TUPPER,1332,45.6,-61.367,,CAN,03/06/1996,970,14
166,NORTH SYDNEY,1299,46.217,-60.25,,CAN,27/07/2015,970,16
167,PICTOU,1121,45.683,-62.7,,CAN,01/06/1998,970,21
168,CAP AUX MEULES,2031,47.379,-61.857,,CAN,30/07/2015,970,30
169,CHARLOTTETOWN,427,46.233,-63.117,,CAN,27/07/2015,970,31
170,RUSTICO,1330,46.467,-63.283,,CAN,01/06/1998,970,33
171,GRINDSTONE,1143,47.383,-61.867,,CAN,01/01/1980,970,34
172,SHEDIAC BAY,1326,46.25,-64.533,,CAN,30/07/2015,970,35
173,POINTE-DU-CHENE,1309,46.25,-64.533,,CAN,07/06/1989,970,36
174,POINT SAPIN,1138,46.967,-64.833,,CAN,01/01/1980,970,38
175,LOWER ESCUMINAC,1349,47.083,-64.883,,CAN,27/07/2015,970,40
176,BELLEDUNE,2069,47.9,-65.85,,CAN,21/07/2015,970,42
177,DALHOUSIE,1358,48.067,-66.383,,CAN,03/06/1996,970,46
178,RIVIERE-AU-RENARD,1213,49.0,-64.383,,CAN,27/07/2015,970,54
179,STE-ANNE-DES-MONTS,1199,49.133,-66.483,,CAN,03/06/1996,970,57
180,POINTE-AU-PERE,138,48.517,-68.467,,CAN,25/10/1993,970,61
181,RIMOUSKI,1597,48.483,-68.517,,CAN,27/07/2015,970,62
182,RIVIERE-DU-LOUP,1284,47.85,-69.567,,CAN,07/06/1989,970,64
183,ST-JEAN-PORT-JOLI,1223,47.217,-70.283,,CAN,01/01/1980,970,66
184,ST-FRANCOIS,999,47.0,-70.817,,CAN,27/07/2015,970,68
185,QUEBEC (LAUZON),173,46.833,-71.167,,CAN,07/05/2013,970,71
186,DESCHAILLONS,201,46.567,-72.1,,CAN,27/07/2015,970,74
187,PORT-SAINT-FRANCOIS,137,46.267,-72.617,,CAN,30/07/2015,970,76
188,BECANCOUR,1798,46.4,-72.383,,CAN,27/07/2015,970,77
189,TROIS-RIVIERES,126,46.333,-72.55,,CAN,27/07/2015,970,78
190,CHAMPLAIN,1005,46.433,-72.4,,CAN,04/06/1996,970,80
191,BATISCAN,144,46.5,-72.25,,CAN,27/07/2015,970,82
192,GRONDINES,387,46.583,-72.033,,CAN,04/06/1996,970,85
193,PORTNEUF,951,46.683,-71.883,,CAN,27/07/2015,970,87
194,NEUVILLE,192,46.7,-71.567,,CAN,27/07/2015,970,89
195,ST-JOSEPH-DE-LA-RIVE,1244,47.45,-70.367,,CAN,27/07/2015,970,92
196,PORT-ALFRED,1392,48.333,-70.867,,CAN,27/07/2015,970,95
197,TADOUSSAC,1219,48.133,-69.717,,CAN,25/10/1993,970,96
198,BAIE COMEAU,1218,49.233,-68.133,,CAN,25/10/1993,970,98
199,SEPT-ILES,1322,50.2,-66.4,,CAN,27/07/2015,970,99
200,HARRINGTON HBR,176,50.5,-59.483,,CAN,25/10/1993,970,101
201,SAVAGE COVE,1280,51.333,-56.7,,CAN,07/06/1989,970,103
202,LARK HARBOUR,1044,49.1,-58.367,,CAN,25/10/1993,970,106
203,PORT AUX BASQUES,392,47.567,-59.133,,CAN,27/07/2015,970,111
204,BONAVISTA,2135,49.083,-53.2,,CAN,30/07/2015,970,114
205,ARGENTIA,1321,47.3,-53.983,,CAN,27/07/2015,970,116
206,"ST. JOHN'S, NFLD.",393,47.567,-52.717,223.0,CAN,30/07/2015,970,121
207,WEST ST. MODESTE,1278,51.6,-56.7,,CAN,25/10/1993,970,132
208,NAIN,1029,56.55,-61.7,224.0,CAN,30/07/2015,970,134
209,QIKIQTARJUAQ,1935,67.867,-64.117,,CAN,03/04/2012,970,135
210,CHURCHILL,447,58.767,-94.183,,CAN,27/07/2015,970,141
211,RESOLUTE,863,74.683,-94.883,,CAN,01/01/1980,970,151
212,LITTLE CORNWALLIS ISLAND,1822,75.383,-96.95,,CAN,04/06/1996,970,156
213,ALERT,1110,82.49,-62.32,333.0,CAN,03/08/2010,970,162
214,CAMBRIDGE BAY,1132,69.117,-105.067,,CAN,07/06/1989,970,191
215,ULUKHAKTOK ( FORMALLY HOLMAN ),1930,71.233,-118.267,,CAN,27/07/2015,970,199
216,CAPE PARRY,1282,70.15,-124.667,,CAN,19/03/2013,970,201
217,TUKTOYAKTUK,1000,69.417,-132.967,,CAN,27/07/2015,970,211
218,PORTO GRANDE (ST. VINCENT) 2,1769,16.883,-25.0,,CPV,09/11/1998,380,2
219,PALMEIRA,1914,16.75,-22.983,329.0,CPV,06/01/2016,380,21
220,NORTH SOUND,1422,19.3,-81.317,,CYM,18/06/2007,931,1
221,SOUTH SOUND,1426,19.267,-81.383,,CYM,20/08/1997,931,11
222,EASTER ISLAND-D,1462,-27.15,-109.45,137.0,CHL,11/09/1990,810,2
223,EASTER ISLAND-E,1272,-27.155,-109.473,137.0,CHL,13/07/2015,810,3
224,ARICA,618,-18.467,-70.333,,CHL,19/11/1992,850,1
225,IQUIQUE,1963,-20.217,-70.167,,CHL,08/04/2013,850,6
226,ANTOFAGASTA,511,-23.65,-70.417,174.0,CHL,19/11/1992,850,11
227,ANTOFAGASTA 2,510,-23.653,-70.404,174.0,CHL,13/07/2015,850,12
228,SAN FELIX,1751,-26.292,-80.109,177.0,CHL,13/07/2015,850,16
229,CALDERA,619,-27.067,-70.833,,CHL,19/11/1992,850,21
230,VALPARAISO,499,-33.027,-71.626,175.0,CHL,03/09/2015,850,31
231,JUAN FERNANDEZ-C,1644,-33.636,-78.83,176.0,CHL,13/07/2015,850,39
232,TALCAHUANO,571,-36.683,-73.1,,CHL,17/06/1996,850,41
233,CORRAL,1057,-39.867,-73.433,,CHL,01/01/1980,850,47
234,PUNTA ARENAS,473,-53.167,-70.9,,CHL,19/07/1996,850,61
235,CALETA PERCY,994,-52.9,-70.267,,CHL,02/12/2015,850,71
236,PUERTO WILLIAMS,1122,-54.917,-67.617,,CHL,19/07/1996,850,81
237,DIEGO RAMIREZ,1785,-56.5,-68.717,,CHL,25/02/2004,850,91
238,BEIHAI,1408,21.483,109.083,,CHN,17/01/2012,610,1
239,ZHAPO,933,21.583,111.817,78.0,CHN,29/04/2015,610,2
240,NAN SHA,1730,9.55,112.88,,CHN,29/04/2015,610,3
241,XI SHA,1745,16.833,112.333,,CHN,29/04/2015,610,4
242,XIAMEN,727,24.45,118.067,247.0,CHN,05/11/2007,610,5
243,SHANWEI,1406,22.75,115.35,,CHN,17/01/2012,610,6
244,HAIKOU,1428,20.017,110.283,,CHN,17/01/2012,610,7
245,DONGFANG,1407,19.1,108.617,,CHN,17/01/2012,610,8
246,KANMEN,934,28.083,121.283,94.0,CHN,29/04/2015,610,16
247,LUSI,979,32.133,121.617,283.0,CHN,29/04/2015,610,32
248,LIANYUNGANG,1405,34.75,119.45,,CHN,17/01/2012,610,33
249,SHIJIUSUO,1404,35.383,119.55,,CHN,17/01/2012,610,34
250,YANTAI,731,37.533,121.383,,CHN,21/07/1995,610,36
251,TANGGU,1403,39.0,117.717,,CHN,21/07/1995,610,37
252,QINHUANGDAO,614,39.9,119.6,,CHN,24/07/1995,610,39
253,DALIAN,723,38.867,121.683,79.0,CHN,29/04/2015,610,44
254,LAOHUTAN,1513,38.867,121.683,79.0,CHN,20/04/1998,610,45
255,COCOS ISLAND (HOME IS.),983,-12.117,96.894,46.0,CCK,19/05/2015,680,521
256,BUENAVENTURA,456,3.9,-77.1,170.0,COL,04/11/2015,842,11
257,TUMACO,639,1.833,-78.733,171.0,COL,04/11/2015,842,21
258,RIOHACHA,714,11.55,-72.917,,COL,01/01/1980,902,11
259,CARTAGENA,572,10.4,-75.55,207.0,COL,20/04/1994,902,21
260,POINTE NOIRE,938,-4.783,11.833,261.0,COG,25/11/1993,424,21
261,PENRHYN,1450,-9.017,-158.067,143.0,COK,04/11/2015,775,1
262,RAROTONGA B,1843,-21.205,-159.785,139.0,COK,19/05/2015,785,6
263,PUNTARENAS,464,9.967,-84.833,,CRI,01/01/1980,836,1
264,QUEPOS,844,9.4,-84.167,167.0,CRI,14/10/2013,836,11
265,QUEPOS B,2189,9.425,-84.172,167.0,CRI,29/09/2015,836,21
266,PUERTO LIMON,552,10.0,-83.033,,CRI,18/05/1994,906,11
267,ABIDJAN,1313,5.25,-4.0,257.0,CIV,01/01/1980,405,1
268,ROVINJ,761,45.083,13.628,,HRV,01/10/2015,280,6
269,BAKAR,353,45.3,14.533,,HRV,01/10/2015,280,11
270,ZADAR,1859,44.123,15.235,,HRV,01/10/2015,280,13
271,GAZENICA,1577,44.083,15.267,,HRV,31/05/1990,280,14
272,ZLARIN,1578,43.7,15.667,,HRV,31/05/1990,280,17
273,SPLIT RT MARJANA,685,43.508,16.392,,HRV,13/05/2013,280,21
274,SPLIT - GRADSKA LUKA,352,43.507,16.442,,HRV,01/10/2015,280,31
275,VIS-CESKA VILA,1574,43.067,16.2,,HRV,03/02/1993,280,40
276,SUCURAJ,1706,43.133,17.2,,HRV,12/05/2008,280,46
277,UBLI,1718,42.75,16.833,,HRV,03/02/1993,280,56
278,PLOCE,1945,43.05,17.417,,HRV,01/10/2015,280,75
279,DUBROVNIK,760,42.658,18.063,,HRV,01/10/2015,280,81
280,MARIEL BOCA,2286,23.021,-82.756,,CUB,25/02/2016,930,23
281,GIBARA,563,21.108,-76.125,276.0,CUB,24/02/2016,930,31
282,GUANTANAMO BAY,418,19.907,-75.147,,CUB,17/07/2001,930,51
283,CASILDA II,2021,21.753,-79.992,,CUB,24/02/2016,930,65
284,CABO SAN ANTONIO,1297,21.9,-84.9,214.0,CUB,24/02/2016,930,71
285,ISABELA DE SAGUA,1909,22.933,-80.017,,CUB,24/02/2016,930,81
286,CABO CRUZ,1910,19.833,-77.733,,CUB,24/02/2016,930,91
287,MANZANILLO,1934,20.333,-77.15,,CUB,24/02/2016,930,95
288,FAMAGUSTA,436,35.117,33.95,,CYP,09/11/1989,315,1
289,GIRNE,1911,35.35,33.333,,CYP,12/06/2012,315,10
290,GEDSER,120,54.573,11.926,,DNK,12/09/2013,130,1
291,RODBYHAVN,762,54.656,11.349,,DNK,12/09/2013,130,11
292,TEJN,1812,55.25,14.838,,DNK,12/09/2013,130,16
293,KOBENHAVN,82,55.705,12.6,,DNK,12/09/2013,130,21
294,HORNBAEK,119,56.091,12.458,,DNK,12/09/2013,130,31
295,KORSOR,113,55.332,11.142,,DNK,12/09/2013,130,41
296,SLIPSHAVN,98,55.288,10.828,,DNK,12/09/2013,130,51
297,MOMMARK,271,54.933,10.067,,DNK,01/01/1980,130,61
298,FYNSHAV,1197,54.995,9.987,,DNK,12/09/2013,130,62
299,FREDERICIA,81,55.561,9.754,,DNK,11/09/2013,130,71
300,AARHUS,76,56.147,10.224,,DNK,11/09/2013,130,81
301,FREDERIKSHAVN,91,57.436,10.549,,DNK,12/09/2013,130,91
302,HIRTSHALS,89,57.596,9.964,,DNK,12/09/2013,130,101
303,HANSTHOLM,703,57.119,8.596,,DNK,12/09/2013,130,111
304,ESBJERG,80,55.461,8.441,,DNK,11/09/2013,130,121
305,BARAHONA,745,18.2,-71.083,,DOM,01/01/1980,936,11
306,PUERTO PLATA,577,19.817,-70.7,,DOM,01/01/1980,936,21
307,LA LIBERTAD,555,-2.2,-80.917,172.0,ECU,01/01/1980,845,11
308,LA LIBERTAD II,544,-2.2,-80.917,172.0,ECU,04/11/2015,845,12
309,SAN CRISTOBAL,927,-0.9,-89.617,,ECU,01/01/1980,845,21
310,BALTRA-B,1645,-0.433,-90.283,169.0,ECU,21/10/2015,845,34
311,PUERTO BOLIVAR,1277,-3.267,-80.0,,ECU,16/06/1992,845,41
312,PORT SAID,253,31.25,32.3,,EGY,01/01/1980,330,1
313,ALEXANDRIA,503,31.217,29.917,349.0,EGY,18/09/2013,330,71
314,LA UNION,558,13.333,-87.817,,SLV,01/01/1980,833,1
315,ACAJUTLA,1011,13.567,-89.833,182.0,SLV,03/09/2015,833,11
316,ACAJUTLA 2,1302,13.583,-89.833,182.0,SLV,29/09/2015,833,12
317,TALLINN,321,59.45,24.8,,EST,01/01/1980,82,11
318,VILSANDI,322,58.383,21.817,,EST,01/01/1980,82,21
319,STANLEY,1082,-51.69,-57.865,305.0,FLK,01/01/1980,863,1
320,STANLEY II,1796,-51.692,-57.821,305.0,FLK,12/06/2014,863,2
321,TORSHAVN,839,62.017,-6.767,237.0,FRO,30/10/2007,15,11
322,SUVA-A,1327,-18.136,178.423,122.0,FJI,19/05/2015,742,12
323,LAUTOKA,1805,-17.605,177.438,,FJI,19/05/2015,742,21
324,KEMI,229,65.673,24.515,,FIN,06/10/2015,60,1
325,OULU / ULEABORG,79,65.04,25.418,,FIN,06/10/2015,60,11
326,RAAHE / BRAHESTAD,240,64.666,24.407,,FIN,06/10/2015,60,21
327,YKSPIHLAJA,86,63.833,23.033,,FIN,01/01/1980,60,31
328,PIETARSAARI / JAKOBSTAD,194,63.709,22.69,,FIN,06/10/2015,60,41
329,VAASA / VASA,57,63.082,21.571,,FIN,06/10/2015,60,51
330,RONNSKAR,30,63.067,20.8,,FIN,01/01/1980,60,61
331,KASKINEN / KASKO,285,62.344,21.215,,FIN,06/10/2015,60,71
332,SALGRUND,228,62.333,21.2,,FIN,01/01/1980,60,81
333,REPOSAARI,85,61.617,21.45,,FIN,01/01/1980,60,91
334,MANTYLUOTO,172,61.594,21.463,,FIN,06/10/2015,60,101
335,SAPPI,226,61.483,21.333,,FIN,01/01/1980,60,111
336,RAUMA / RAUMO,376,61.134,21.426,,FIN,06/10/2015,60,121
337,LYOKKI,16,60.85,21.183,,FIN,01/01/1980,60,221
338,LYPYRTTI,17,60.6,21.233,,FIN,01/01/1980,60,231
339,TURKU / ABO,239,60.428,22.101,,FIN,06/10/2015,60,241
340,UTO,27,59.783,21.367,,FIN,01/01/1980,60,291
341,LOHM,233,60.1,21.667,,FIN,01/01/1980,60,301
342,TVARMINNE,238,59.85,23.25,,FIN,01/01/1980,60,306
343,JUNGFRUSUND,18,59.95,22.367,,FIN,01/01/1980,60,311
344,RUSSARO,28,59.767,22.95,,FIN,01/01/1980,60,316
345,HANKO / HANGO,71,59.823,22.977,,FIN,06/10/2015,60,331
346,SKURU,142,60.1,23.55,,FIN,13/09/1988,60,344
347,HELSINKI,14,60.154,24.956,,FIN,06/10/2015,60,351
348,SODERSKAR,29,60.117,25.417,,FIN,01/01/1980,60,354
349,KOTKA,164,60.45,26.95,,FIN,01/01/1980,60,358
350,HAMINA,315,60.563,27.179,,FIN,06/10/2015,60,361
351,DUNKERQUE,468,51.048,2.367,,FRA,20/07/2015,190,1
352,CALAIS,455,50.969,1.868,,FRA,20/07/2015,190,11
353,BOULOGNE,471,50.728,1.577,,FRA,20/07/2015,190,21
354,DIEPPE,474,49.929,1.084,,FRA,20/07/2015,190,31
355,ANTIFER,1383,49.65,0.15,,FRA,01/01/1980,190,46
356,LE HAVRE,453,49.482,0.106,,FRA,20/07/2015,190,51
357,CHERBOURG,467,49.651,-1.636,,FRA,20/07/2015,190,61
358,ST. MALO,454,48.641,-2.028,,FRA,20/07/2015,190,71
359,ROSCOFF,1347,48.718,-3.966,,FRA,20/07/2015,190,86
360,LE CONQUET,1294,48.359,-4.781,,FRA,20/07/2015,190,89
361,BREST,1,48.383,-4.495,242.0,FRA,27/01/2016,190,91
362,CONCARNEAU,1301,47.874,-3.907,,FRA,20/07/2015,190,96
363,PORT TUDY,1247,47.644,-3.446,,FRA,20/07/2015,190,103
364,LE CROUESTY,1921,47.543,-2.895,,FRA,20/07/2015,190,105
365,ST. NAZAIRE,457,47.27,-2.2,,FRA,20/07/2015,190,111
366,POINTE ST. GILDAS,1078,47.133,-2.25,,FRA,07/09/1990,190,113
367,LES SABLES D OLONNE,1747,46.498,-1.794,,FRA,20/07/2015,190,116
368,LA ROCHELLE-LA PALLICE,466,46.158,-1.221,,FRA,20/07/2015,190,121
369,PORT BLOC,1915,45.569,-1.062,,FRA,20/07/2015,190,126
370,LE VERDON,459,45.55,-1.067,,FRA,01/01/1980,190,131
371,BOUCAU,1801,43.527,-1.515,,FRA,20/07/2015,190,139
372,ARCACHON-EYRAC,1918,44.665,-1.164,,FRA,20/07/2015,190,140
373,ST JEAN DE LUZ (SOCOA),469,43.395,-1.682,,FRA,20/07/2015,190,141
374,SETE,958,43.398,3.699,,FRA,20/07/2015,230,21
375,MARSEILLE,61,43.279,5.354,205.0,FRA,20/07/2015,230,51
376,TOULON,980,43.113,5.915,,FRA,20/07/2015,230,61
377,NICE,1468,43.696,7.286,,FRA,20/07/2015,230,81
378,AJACCIO,1929,41.923,8.763,,FRA,20/07/2015,232,1
379,ILE ROYALE,2012,5.284,-52.587,202.0,GUF,22/09/2014,876,11
380,"PAPEETE-B, FARE UTE POINT, SOC.IS.",1397,-17.533,-149.573,140.0,PYF,28/10/2015,780,11
381,NUKU HIVA,1555,-8.933,-140.083,142.0,PYF,14/10/2013,805,11
382,RIKITEA,1253,-23.122,-134.967,138.0,PYF,28/10/2015,808,1
383,RANGIROA,2216,-14.946,-147.706,,PYF,20/07/2015,808,2
384,TUBUAI,2217,-23.342,-149.476,,PYF,22/09/2014,808,4
385,POTI,41,42.167,41.683,,GEO,07/04/2014,305,21
386,BATUMI,51,41.633,41.7,,GEO,07/04/2014,305,31
387,KOSEROW,1448,54.06,14.001,,DEU,18/11/2015,120,1
388,SASSNITZ,397,54.511,13.643,,DEU,18/11/2015,120,4
389,WARNEMUNDE 2,11,54.17,12.103,,DEU,18/11/2015,120,12
390,WISMAR 2,8,53.899,11.458,,DEU,18/11/2015,120,22
391,TRAVEMUNDE,13,53.958,10.872,,DEU,18/11/2015,125,1
392,KIEL-HOLTENAU,789,54.372,10.157,,DEU,18/11/2015,125,21
393,AMRUM (WITTDUEN),1036,54.617,8.383,,DEU,27/01/2016,140,2
394,CUXHAVEN 2,7,53.867,8.717,284.0,DEU,27/01/2016,140,12
395,BORKUM (FISCHERBALJE),1037,53.583,6.667,,DEU,27/01/2016,140,16
396,TAKORADI,331,4.885,-1.745,335.0,GHA,15/03/2013,410,1
397,TEMA,1049,5.617,0.0,,GHA,01/01/1980,410,16
398,GIBRALTAR,981,36.148,-5.365,248.0,GIB,01/09/2014,215,1
399,PREVEZA,410,38.959,20.757,,GRC,01/06/2015,290,1
400,LEVKAS,1239,38.835,20.712,,GRC,01/06/2015,290,4
401,POSIDHONIA,409,37.951,22.96,,GRC,01/06/2015,290,11
402,PATRAI,1250,38.417,21.729,,GRC,07/08/2013,290,14
403,KATAKOLON,1240,37.645,21.32,,GRC,01/06/2015,290,17
404,KALAMAI,411,37.024,22.116,,GRC,03/10/2013,290,21
405,NORTH SALAMINOS II,1938,37.98,23.534,,GRC,12/08/2013,290,29
406,NORTH SALAMINOS,1604,37.98,23.542,,GRC,07/08/2013,290,30
407,PIRAIEVS,374,37.937,23.627,,GRC,01/06/2015,290,31
408,RAFINA,1695,38.033,24.0,,GRC,28/11/1994,290,32
409,KHALKIS SOUTH,1441,38.461,23.589,,GRC,01/06/2015,290,33
410,KHALKIS NORTH,1237,38.472,23.593,,GRC,01/06/2015,290,34
411,SKOPELOS,1907,39.124,23.729,,GRC,12/08/2013,290,37
412,THESSALONIKI,373,40.633,22.935,,GRC,01/06/2015,290,51
413,KAVALLA,375,40.935,24.412,,GRC,07/08/2013,290,61
414,ALEXANDROUPOLIS,1238,40.844,25.878,,GRC,01/06/2015,290,65
415,KHIOS,408,38.372,26.141,,GRC,07/05/2014,290,71
416,SIROS,1234,37.44,24.946,,GRC,01/06/2015,290,81
417,LEROS,1233,37.13,26.848,,GRC,01/06/2015,290,91
418,SOUDHAS,1232,35.487,24.082,,GRC,12/08/2013,290,97
419,SOUDHAS II,2067,35.487,24.082,,GRC,01/06/2015,290,99
420,IRAKLION,634,35.348,25.153,,GRC,18/07/2013,290,101
421,IRAKLION II,2165,35.348,25.153,,GRC,01/06/2015,290,102
422,CORFU ( KERKYRA ),1933,39.628,19.905,,GRC,01/06/2015,290,103
423,SAMOS ISLAND - VATHI,1941,37.755,26.976,,GRC,08/05/2014,290,105
424,RHODOS,1243,36.442,28.236,,GRC,01/06/2015,290,110
425,RHODOS II,2167,36.442,28.236,,GRC,14/03/2013,290,112
426,"PRICKLEY BAY, GRENADA",2272,12.005,-61.765,,GRD,05/01/2016,893,1
427,POINTE-A-PITRE,1784,16.224,-61.531,,GLP,20/07/2015,914,1
428,"APRA HARBOUR, GUAM",540,13.438,144.653,149.0,GUM,28/04/2015,701,1
429,"PAGO BAY, GUAM",2130,13.428,144.797,,GUM,29/04/2015,701,10
430,CHAMPERICO,1201,14.283,-91.917,,GTM,01/01/1980,832,6
431,SAN JOSE,973,13.917,-90.833,,GTM,01/01/1980,832,11
432,SAN JOSE II,777,13.917,-90.817,,GTM,03/12/1997,832,12
433,SANTO TOMAS DE CASTILLA,1080,15.7,-88.617,,GTM,01/01/1980,916,1
434,PORT AU PRINCE,583,18.567,-72.35,209.0,HTI,01/01/1980,934,11
435,PUERTO CASTILLA,779,16.017,-86.033,,HND,01/01/1980,908,11
436,PUERTO CORTES,557,15.833,-87.95,,HND,01/01/1980,908,31
437,WAGLAN ISLAND,1698,22.183,114.303,,HKG,01/07/2015,611,7
438,"CHI MA WAN, LANTAU ISLAND",987,22.233,114.0,,HKG,13/05/1998,611,8
439,QUARRY BAY,1674,22.291,114.213,77.0,HKG,01/07/2015,611,10
440,NORTH POINT,333,22.3,114.2,77.0,HKG,01/01/1980,611,11
441,TAI MIU WAN,1891,22.27,114.289,,HKG,01/07/2015,611,12
442,"TAI PO KAU, TOLO HARBOUR",1034,22.443,114.184,,HKG,01/07/2015,611,14
443,TSIM BEI TSUI,1366,22.487,114.014,,HKG,01/07/2015,611,17
444,LOK ON PAI,1685,22.367,114.0,,HKG,16/05/2000,611,19
445,SHEK PIK,1902,22.22,113.894,,HKG,01/07/2015,611,23
446,REYKJAVIK,638,64.151,-21.94,229.0,ISL,14/05/2015,10,1
447,GRINDAVIK,877,63.833,-22.433,,ISL,01/01/1980,10,11
448,KANDLA,596,23.017,70.217,,IND,27/01/2016,500,11
449,VADINAR,1943,22.45,69.683,,IND,20/10/2015,500,13
450,OKHA,1395,22.467,69.083,,IND,20/10/2015,500,14
451,VERAVAL,770,20.9,70.367,31.0,IND,27/01/2016,500,21
452,BHAUNAGAR I,420,21.8,72.3,,IND,01/01/1980,500,30
453,BHAUNAGAR II,804,21.75,72.233,,IND,01/01/1980,500,31
454,MUMBAI / BOMBAY (APOLLO BANDAR),43,18.917,72.833,,IND,27/01/2016,500,41
455,BOMBAY (PRINCES DOCK),212,18.95,72.833,,IND,01/01/1980,500,51
456,MARMAGAO,1249,15.417,73.8,281.0,IND,20/10/2015,500,65
457,KARWAR,1273,14.8,74.117,,IND,20/10/2015,500,67
458,MANGALORE (PANAMBURU),1423,12.917,74.8,,IND,20/10/2015,500,70
459,MANGALORE,696,12.85,74.833,,IND,27/01/2016,500,71
460,COCHIN (WILLINGDON IS.),438,9.967,76.267,32.0,IND,27/01/2016,500,81
461,TUTICORIN,1072,8.75,78.2,,IND,20/10/2015,500,83
462,TANGACHCHIMADAM,1258,9.283,79.25,,IND,21/03/1990,500,85
463,NAGAPPATTINAM,1308,10.767,79.85,,IND,20/10/2015,500,87
464,CHENNAI / MADRAS,205,13.1,80.3,34.0,IND,27/01/2016,500,91
465,VISHAKHAPATNAM,414,17.683,83.283,35.0,IND,27/01/2016,500,101
466,PARADIP,1161,20.267,86.7,,IND,20/10/2015,500,106
467,GANGRA,1369,21.95,88.017,,IND,15/04/2009,500,109
468,HALDIA,1270,22.033,88.1,,IND,20/10/2015,500,110
469,SAUGOR/SAGAR,417,21.65,88.05,,IND,27/01/2016,500,111
470,DUBLAT (SAUGOR IS.),49,21.633,88.133,,IND,01/01/1980,500,121
471,DIAMOND HARBOUR,543,22.2,88.167,,IND,27/01/2016,500,131
472,CALCUTTA (GARDEN REACH),369,22.55,88.3,,IND,27/01/2016,500,141
473,KIDDERPORE,48,22.533,88.333,,IND,01/01/1980,500,151
474,TRIBENI,1002,22.983,88.4,,IND,16/12/2008,500,161
475,PORT BLAIR,206,11.683,92.767,38.0,IND,27/01/2016,540,1
476,SABANG,2195,5.888,95.317,347.0,IDN,28/10/2015,560,10
477,SIBOLGA II,1752,1.75,98.767,,IDN,28/10/2015,560,22
478,PADANG B,2193,-0.997,100.375,45.0,IDN,28/10/2015,560,33
479,CILACAP B,2199,-7.752,109.017,291.0,IDN,28/10/2015,560,123
480,PRIGI,2197,-8.28,111.73,,IDN,28/10/2015,560,132
481,BENOA B,2200,-8.747,115.212,49.0,IDN,28/10/2015,560,136
482,SAUMLAKI,2274,-7.982,131.29,,IDN,13/01/2016,560,138
483,BITUNG II,1709,1.433,125.2,69.0,IDN,28/10/2015,580,12
484,CHABAHAR II,2228,25.296,60.603,337.0,IRN,23/07/2014,489,52
485,MALIN HEAD,916,55.367,-7.333,239.0,IRL,15/01/2004,175,11
486,DUBLIN,432,53.35,-6.217,,IRL,28/02/2013,175,71
487,DOUGLAS,435,54.15,-4.467,,IMN,07/04/1992,170,231
488,PORT ERIN,1793,54.085,-4.768,,IMN,30/07/2015,170,233
489,AKKO,2218,32.919,35.07,,ISR,30/06/2015,320,9
490,HAIFA II,2221,32.829,34.991,,ISR,30/06/2015,320,10
491,HADERA,1797,32.47,34.863,80.0,ISR,07/11/2012,320,16
492,TEL AVIV,1880,32.083,34.767,,ISR,03/07/2012,320,19
493,TEL AVIV - YAFO,2147,32.053,34.75,,ISR,30/06/2015,320,20
494,ASHDOD II,2219,31.831,34.641,,ISR,30/06/2015,320,33
495,ASHKLON,2220,31.682,34.557,,ISR,30/06/2015,320,35
496,EILAT NORTH,2148,29.545,34.952,,ISR,09/04/2014,480,15
497,EILAT SOUTH,2149,29.502,34.918,,ISR,30/06/2015,480,21
498,LA MADDALENA,109,41.233,9.367,,ITA,01/01/1980,240,1
499,PORTO TORRES,2084,40.842,8.404,,ITA,07/05/2015,240,6
500,CAGLIARI,104,39.2,9.167,,ITA,01/01/1980,240,11
501,CAGLIARI II,2089,39.21,9.114,,ITA,07/05/2015,240,12
502,CARLOFORTE,2076,39.148,8.309,,ITA,07/05/2015,240,15
503,PORTO MAURIZIO,108,43.867,8.017,,ITA,01/01/1980,250,1
504,IMPERIA,2078,43.878,8.019,,ITA,07/05/2015,250,6
505,GENOVA,59,44.4,8.9,,ITA,27/01/2016,250,11
506,GENOVA II,2090,44.41,8.926,,ITA,07/05/2015,250,12
507,LIVORNO II,2080,43.546,10.299,,ITA,07/05/2015,250,26
508,CIVITAVECCHIA,106,42.05,11.817,,ITA,01/01/1980,250,31
509,NAPOLI (ARSENALE),129,40.867,14.267,,ITA,01/01/1980,250,41
510,NAPOLI II,2092,40.841,14.269,,ITA,07/05/2015,250,46
511,NAPOLI (MANDRACCIO),105,40.867,14.267,,ITA,01/01/1980,250,51
512,SALERNO,2086,40.677,14.751,,ITA,07/05/2015,250,56
513,PALINURO,2082,40.03,15.275,,ITA,07/05/2015,250,58
514,REGGIO CALABRIA,670,38.1,15.65,,ITA,01/01/1980,250,61
515,REGGIO CALABRIA II,2142,38.122,15.649,,ITA,07/05/2015,250,62
516,"PORTO EMPEDOCLE, SICILY",2083,37.286,13.527,,ITA,07/05/2015,260,6
517,PALERMO,107,38.133,13.333,,ITA,01/01/1980,260,11
518,PALERMO II,2093,38.121,13.371,,ITA,07/05/2015,260,12
519,LAMPEDUSA,2079,35.5,12.604,,ITA,07/05/2015,260,25
520,CAPO PASSERO,873,36.667,15.3,,ITA,01/01/1980,260,28
521,CATANIA,102,37.5,15.133,,ITA,01/01/1980,260,31
522,CATANIA II,2094,37.498,15.094,,ITA,07/05/2015,260,32
523,TARANTO,103,40.433,17.267,,ITA,01/01/1980,270,6
524,TARANTO II,2095,40.476,17.224,,ITA,07/05/2015,270,7
525,OTRANTO,990,40.133,18.5,,ITA,01/01/1980,270,11
526,OTRANTO II,2096,40.147,18.497,,ITA,07/05/2015,270,12
527,BARI,2075,41.14,16.866,,ITA,07/05/2015,270,17
528,MANFREDONIA,1262,41.617,15.917,,ITA,01/01/1980,270,19
529,VIESTE,2087,41.888,16.177,,ITA,07/05/2015,270,22
530,ORTONA,972,42.35,14.4,,ITA,01/01/1980,270,26
531,ORTONA II,2097,42.356,14.415,,ITA,07/05/2015,270,28
532,ANCONA,101,43.583,13.483,,ITA,01/01/1980,270,30
533,ANCONA II,2098,43.625,13.507,,ITA,07/05/2015,270,32
534,PORTO CORSINI,100,44.5,12.283,,ITA,01/01/1980,270,35
535,PORTO GARIBALDI,2144,44.678,12.249,,ITA,14/07/2015,270,37
536,VENEZIA (ARSENALE),87,45.417,12.35,,ITA,01/01/1980,270,41
537,VENEZIA II,2100,45.418,12.427,,ITA,07/05/2015,270,46
538,VENEZIA (S.STEFANO),39,45.417,12.333,,ITA,11/04/2000,270,51
539,VENEZIA (PUNTA DELLA SALUTE),168,45.433,12.333,,ITA,27/01/2016,270,54
540,TRIESTE,154,45.647,13.758,340.0,ITA,27/01/2016,270,61
541,TRIESTE II,2099,45.649,13.758,,ITA,07/05/2015,270,62
542,PORT ROYAL,744,17.933,-76.85,210.0,JAM,01/01/1980,932,11
543,MONBETU I,772,44.35,143.367,,JPN,01/01/1980,641,1
544,MONBETU II,1470,44.35,143.367,,JPN,20/02/2013,641,2
545,ABASHIRI,1104,44.019,144.286,327.0,JPN,28/04/2015,641,3
546,HANASAKI,139,43.283,145.583,,JPN,01/01/1980,641,11
547,HANASAKI II,1442,43.278,145.568,,JPN,28/04/2015,641,12
548,KUSHIRO,518,42.976,144.371,89.0,JPN,28/04/2015,641,21
549,URAKAWA I,869,42.167,142.767,,JPN,01/01/1980,641,26
550,URAKAWA II,1296,42.167,142.767,,JPN,26/11/2015,641,27
551,MURORAN,1194,42.35,140.95,,JPN,20/04/2009,641,29
552,HAKODATE I,813,41.782,140.725,88.0,JPN,28/04/2015,641,31
553,HAKODATE II,671,41.767,140.717,88.0,JPN,06/12/1990,641,32
554,TAPPI,1587,41.243,140.381,,JPN,28/04/2015,641,33
555,YOSIOKA,1596,41.45,140.25,,JPN,20/04/2009,641,34
556,ESASHI,1605,41.867,140.133,,JPN,24/08/1998,641,35
557,OSHORO I,159,43.217,140.867,,JPN,01/01/1980,641,41
558,OSHORO II,1027,43.209,140.858,,JPN,28/04/2015,641,42
559,WAKKANAI,1103,45.408,141.685,324.0,JPN,28/04/2015,641,61
560,HACHINOHE I,460,40.533,141.533,,JPN,01/01/1980,642,1
561,HACHINOHE II,1266,40.532,141.528,,JPN,22/02/2012,642,2
562,MIYAKO I,463,39.633,141.967,,JPN,01/01/1980,642,11
563,MIYAKO II,1149,39.643,141.975,,JPN,22/02/2012,642,12
564,KAMAISI II,1346,39.273,141.889,,JPN,28/04/2015,642,17
565,OFUNATO I,1140,39.067,141.717,87.0,JPN,01/01/1980,642,21
566,OFUNATO II,1364,39.02,141.753,87.0,JPN,28/04/2015,642,22
567,ONAGAWA,674,38.433,141.467,,JPN,01/01/1980,642,28
568,AYUKAWA,131,38.297,141.505,,JPN,28/04/2015,642,31
569,SOMA,1345,37.831,140.962,,JPN,28/04/2015,642,36
570,ONAHAMA,635,36.938,140.892,,JPN,15/05/2015,642,41
571,CHOSHI-GYOKO,1544,35.744,140.858,,JPN,28/04/2015,642,50
572,CHOSHI I,879,35.733,140.867,,JPN,01/01/1980,642,51
573,KATSUURA,1191,35.129,140.249,,JPN,28/04/2015,642,55
574,MERA,359,34.919,139.825,86.0,JPN,28/04/2015,642,61
575,TUKIZI,673,35.667,139.767,,JPN,01/01/1980,642,63
576,TOKYO III,1545,35.649,139.77,,JPN,28/04/2015,642,69
577,TOKYO I,881,35.667,139.767,,JPN,01/01/1980,642,70
578,TOKYO II,1222,35.65,139.767,,JPN,12/09/1997,642,71
579,SIBAURA,952,35.633,139.75,,JPN,20/04/2009,642,72
580,YOKOSUKA,722,35.288,139.651,,JPN,28/04/2015,642,81
581,ABURATSUBO,130,35.16,139.615,,JPN,28/04/2015,642,91
582,KAMINATO II (HATIZYO SIMA),1440,33.13,139.805,,JPN,28/04/2015,642,97
583,MIYAKE SIMA,1060,34.067,139.481,,JPN,28/04/2015,642,98
584,KOZU SIMA,1061,34.209,139.132,,JPN,15/05/2015,642,99
585,OKADA,1091,34.789,139.391,,JPN,28/04/2015,642,100
586,ITO I,876,34.967,139.117,,JPN,01/01/1980,642,111
587,ITO II,1343,34.896,139.133,,JPN,28/04/2015,642,112
588,MINAMI IZU,1064,34.617,138.883,,JPN,21/04/2009,642,115
589,UCHIURA,407,35.017,138.89,,JPN,28/04/2015,642,118
590,TAGO,1437,34.807,138.764,,JPN,28/04/2015,642,119
591,SHIMIZU-MINATO,808,35.012,138.518,,JPN,28/04/2015,642,121
592,YAIZU,1438,34.871,138.327,,JPN,28/04/2015,642,122
593,OMAEZAKI II,1263,34.608,138.222,,JPN,28/04/2015,642,124
594,MAISAKA,1089,34.682,137.609,,JPN,28/04/2015,642,126
595,ONISAKI,1026,34.904,136.824,,JPN,28/04/2015,642,128
596,NAGOYA,860,35.083,136.883,,JPN,15/09/1997,642,131
597,NAGOYA II,1488,35.091,136.881,,JPN,28/04/2015,642,132
598,TOBA,627,34.467,136.85,,JPN,01/01/1980,642,134
599,OWASE,1146,34.076,136.207,,JPN,28/04/2015,642,136
600,URAGAMI,1090,33.558,135.896,,JPN,28/04/2015,642,138
601,KUSHIMOTO,134,33.476,135.773,85.0,JPN,28/04/2015,642,141
602,SHIRAHAMA,1150,33.684,135.375,,JPN,28/04/2015,643,5
603,KAINAN,701,34.144,135.191,,JPN,15/05/2015,643,13
604,WAKAYAMA,816,34.222,135.146,,JPN,28/04/2015,643,15
605,TAN-NOWA,817,34.339,135.178,,JPN,28/04/2015,643,17
606,OSAKA,1099,34.658,135.433,,JPN,28/04/2015,643,21
607,KOBE,846,34.683,135.183,,JPN,21/02/1997,643,24
608,KOBE II,1790,34.682,135.19,,JPN,28/04/2015,643,25
609,SUMOTO,1098,34.341,134.907,,JPN,28/04/2015,643,26
610,UNO,812,34.489,133.949,,JPN,28/04/2015,643,31
611,KURE II,749,34.233,132.533,,JPN,01/01/1980,643,41
612,KURE III,1023,34.233,132.55,,JPN,01/01/1980,643,42
613,KURE IV,1209,34.241,132.55,,JPN,28/04/2015,643,43
614,HIROSIMA,1028,34.353,132.465,,JPN,28/04/2015,643,44
615,TOKUYAMA I,669,34.033,131.8,,JPN,01/01/1980,643,51
616,TOKUYAMA II,1210,34.041,131.803,,JPN,28/04/2015,643,52
617,KOCHI II,1184,33.5,133.583,,JPN,01/01/1980,644,2
618,KURE I,1320,33.334,133.243,,JPN,28/04/2015,644,4
619,KOCHI III,1567,33.499,133.569,,JPN,28/04/2015,644,5
620,TOSA SHIMIZU,815,32.779,132.959,,JPN,28/04/2015,644,11
621,UWAJIMA I,461,33.233,132.55,,JPN,01/01/1980,644,21
622,UWAJIMA II,1212,33.227,132.551,,JPN,28/04/2015,644,22
623,MATSUYAMA I,880,33.867,132.7,,JPN,01/01/1980,644,31
624,MATSUYAMA II,1062,33.859,132.712,,JPN,28/04/2015,644,32
625,TAKAMATSU,847,34.35,134.05,,JPN,01/07/1994,644,41
626,TAKAMATSU II,1789,34.351,134.057,,JPN,28/04/2015,644,42
627,KOMATSUSHIMA,809,34.009,134.588,,JPN,28/04/2015,644,51
628,MUROTOMISAKI,1390,33.266,134.164,,JPN,28/04/2015,644,61
629,MOZI,912,33.95,130.967,,JPN,21/04/2009,645,4
630,OITA II,1293,33.266,131.687,,JPN,28/04/2015,645,9
631,HOSOJIMA,133,32.429,131.669,,JPN,28/04/2015,645,11
632,ABURATSU,814,31.577,131.409,82.0,JPN,28/04/2015,645,21
633,NISINOOMOTE,1096,30.735,130.992,,JPN,28/04/2015,645,31
634,ODOMARI,1097,31.024,130.689,,JPN,28/04/2015,645,33
635,KAGOSHIMA I,868,31.6,130.567,,JPN,01/01/1980,645,40
636,MAKURAZAKI I,1142,31.267,130.3,,JPN,01/01/1980,645,42
637,AKUNE,1265,32.018,130.191,,JPN,28/04/2015,645,45
638,MISUMI,810,32.623,130.451,,JPN,07/02/2013,645,51
639,OURA,1102,32.977,130.221,,JPN,28/04/2015,645,59
640,KUCHINOTSU,1386,32.605,130.195,,JPN,28/04/2015,645,62
641,NAGASAKI,1100,32.735,129.866,83.0,JPN,28/04/2015,645,64
642,FUKUE,1101,32.696,128.849,,JPN,28/04/2015,645,66
643,SASEBO I,672,33.167,129.717,,JPN,01/01/1980,645,71
644,SASEBO II,1147,33.158,129.724,,JPN,28/04/2015,645,72
645,KARIYA,1318,33.473,129.849,,JPN,28/04/2015,645,75
646,IZUHARA,661,34.2,129.3,,JPN,04/05/1988,645,81
647,IZUHARA II,1586,34.198,129.292,,JPN,28/04/2015,645,82
648,HAKATA,1094,33.619,130.408,,JPN,28/04/2015,645,91
649,NASE I,887,28.383,129.5,,JPN,01/01/1980,646,1
650,NASE II,1018,28.383,129.5,,JPN,01/01/1980,646,2
651,NASE III,1522,28.5,129.5,,JPN,28/04/2015,646,3
652,NAKANO SIMA,1105,29.842,129.848,,JPN,28/04/2015,646,11
653,OKINAWA,1388,26.179,127.824,,JPN,28/04/2015,646,21
654,NAHA,1151,26.213,127.665,81.0,JPN,28/04/2015,646,24
655,ISHIGAKI,1411,24.333,124.167,,JPN,15/12/1989,646,41
656,ISHIGAKI II,1671,24.332,124.164,,JPN,28/04/2015,646,42
657,SHIMONOSEKI III,1830,33.925,130.928,,JPN,06/02/2014,647,10
658,SHIMONOSEKI I,845,33.967,130.95,,JPN,09/05/1995,647,11
659,SHIMONOSEKI II,783,33.967,130.95,,JPN,01/01/1980,647,12
660,HAGI,1306,34.433,131.417,,JPN,03/02/1993,647,15
661,TONOURA,94,34.9,132.067,326.0,JPN,04/05/1988,647,21
662,HAMADA II,1585,34.897,132.066,326.0,JPN,28/04/2015,647,23
663,SAKAI,811,35.548,133.243,,JPN,28/04/2015,647,41
664,SAIGO,1095,36.201,133.331,,JPN,28/04/2015,647,43
665,TAJIRI,1148,35.594,134.316,,JPN,28/04/2015,647,47
666,MIYAZU,872,35.533,135.183,,JPN,01/01/1980,647,51
667,MAIZURU I,663,35.483,135.4,,JPN,01/01/1980,647,61
668,MAIZURU II,1387,35.477,135.387,,JPN,28/04/2015,647,62
669,MAIZURU III,1523,35.45,135.317,,JPN,21/04/2009,647,63
670,MIKUNI,1190,36.255,136.149,,JPN,28/04/2015,647,65
671,TOYAMA,1389,36.762,137.225,325.0,JPN,28/04/2015,647,68
672,WAJIMA,132,37.406,136.9,,JPN,28/04/2015,647,71
673,KASHIWAZAKI,753,37.357,138.508,,JPN,28/04/2015,647,81
674,OGI,1344,37.815,138.281,,JPN,21/05/2015,647,86
675,AWA SIMA,1093,38.468,139.255,,JPN,28/04/2015,647,90
676,NEZUGASEKI,752,38.563,139.546,,JPN,28/04/2015,647,91
677,OGA,1264,39.942,139.706,,JPN,28/04/2015,647,96
678,IWASAKI,121,40.583,139.917,,JPN,01/01/1980,647,101
679,OMINATO,679,41.25,141.15,,JPN,21/04/2009,647,111
680,ASAMUSHI,721,40.898,140.859,,JPN,28/04/2015,647,121
681,CHICHIJIMA,1391,27.083,142.183,103.0,JPN,28/04/2015,648,1
682,ST HELIER (JERSEY) 2,1795,49.183,-2.117,,JEY,06/05/2015,180,2
683,MOMBASA II,2183,-4.067,39.65,8.0,KEN,28/10/2015,470,2
684,LAMU B,2198,-2.272,40.903,,KEN,28/10/2015,470,14
685,"TARAWA-A,BETIO",1381,1.367,172.933,113.0,KIR,29/08/1990,730,6
686,"TARAWA-B,BAIRIKI",1579,1.333,173.017,113.0,KIR,15/11/1990,730,7
687,"TARAWA-C,BETIO",1739,1.367,172.933,113.0,KIR,17/10/2002,730,8
688,BETIO,1804,1.365,172.933,113.0,KIR,19/05/2015,730,9
689,KANTON ISLAND,575,-2.8,-171.717,145.0,KIR,01/01/1980,750,11
690,KANTON ISLAND-B,1329,-2.817,-171.717,145.0,KIR,14/10/2013,750,12
691,FANNING-B,1361,3.9,-159.383,,KIR,18/05/1994,770,12
692,CHRISTMAS ISLAND,801,1.983,-157.467,146.0,KIR,01/01/1980,770,21
693,CHRISTMAS ISLAND II,1371,1.983,-157.483,146.0,KIR,29/10/2015,770,22
694,WONSAN,1007,39.167,127.45,307.0,PRK,03/09/1993,625,11
695,INCHEON,956,37.452,126.592,,KOR,27/04/2015,620,11
696,ANHEUNG,1699,36.674,126.132,,KOR,27/04/2015,620,14
697,BORYEONG,1675,36.406,126.486,,KOR,27/04/2015,620,17
698,KUNSAN,959,35.983,126.717,,KOR,25/01/2001,620,21
699,GUNSAN (OUTER PORT),1527,35.976,126.563,,KOR,27/04/2015,620,22
700,WIDO,1628,35.618,126.302,,KOR,27/04/2015,620,24
701,MOKPO,954,34.78,126.376,,KOR,27/04/2015,620,27
702,DAEHEUKSANDO,1489,34.684,125.436,,KOR,09/09/2013,620,28
703,SEOGWIPO,1627,33.24,126.562,,KOR,27/04/2015,620,32
704,JEJU,1066,33.528,126.543,,KOR,27/04/2015,620,33
705,WANDO,1568,34.315,126.76,,KOR,27/04/2015,620,34
706,GEOMUNDO,1546,34.028,127.309,,KOR,13/01/2015,620,35
707,YEOSU,1155,34.747,127.766,,KOR,27/04/2015,620,36
708,TONGYEONG,1446,34.828,128.435,,KOR,27/04/2015,620,38
709,CHUJADO,1588,33.962,126.3,,KOR,27/04/2015,620,39
710,CHINHAE,970,35.15,128.65,,KOR,01/01/1980,620,41
711,GADEOKDO,1445,35.025,128.811,,KOR,09/09/2013,620,43
712,BUSAN,955,35.096,129.036,84.0,KOR,27/04/2015,620,46
713,ULSAN,997,35.502,129.387,,KOR,27/04/2015,620,51
714,POHANG,1324,36.047,129.384,,KOR,27/04/2015,620,56
715,ULLEUNG,1490,37.491,130.914,,KOR,27/04/2015,620,59
716,MUKHO,1108,37.55,129.116,,KOR,27/04/2015,620,61
717,SOKCHO,1365,38.207,128.594,,KOR,27/04/2015,620,71
718,DAUGAVGRIVA,37,57.05,24.033,,LVA,01/01/1980,83,81
719,LIEPAJA,26,56.533,20.983,,LVA,01/01/1980,83,151
720,KLAIPEDA,118,55.7,21.133,,LTU,17/07/2012,84,161
721,MACAU,269,22.2,113.55,,MAC,06/09/1990,609,1
722,NOSY-BE,926,-13.4,48.283,15.0,MDG,01/01/1980,440,1
723,PULAU LANGKAWI,1676,6.431,99.764,,MYS,01/07/2015,550,2
724,PULAU PINANG,1595,5.422,100.347,,MYS,01/07/2015,550,3
725,LUMUT,1594,4.24,100.613,43.0,MYS,01/07/2015,550,5
726,PELABUHAN KELANG,1591,3.05,101.358,,MYS,01/07/2015,550,7
727,TANJUNG KELING,1593,2.215,102.153,,MYS,01/07/2015,550,9
728,KUKUP,1677,1.325,103.443,,MYS,01/07/2015,550,10
729,JOHOR BAHRU,248,1.462,103.792,,MYS,25/09/2014,550,11
730,TANJUNG SEDILI,1702,1.932,104.115,,MYS,01/07/2015,550,12
731,PULAU TIOMAN,1678,2.807,104.14,,MYS,01/07/2015,550,13
732,TANJUNG GELANG,1589,3.975,103.43,,MYS,01/07/2015,550,14
733,CENDERING,1592,5.265,103.187,293.0,MYS,01/07/2015,550,17
734,GETING,1703,6.226,102.107,,MYS,01/07/2015,550,21
735,MIRI,1819,4.401,113.974,,MYS,01/07/2015,663,1
736,BINTULU,1833,3.262,113.064,,MYS,01/07/2015,663,11
737,SEJINGKAT,1893,1.583,110.422,,MYS,25/07/2011,663,21
738,LABUAN 2,1879,5.273,115.25,,MYS,01/07/2015,665,2
739,KOTA KINABALU,1733,5.983,116.067,,MYS,01/07/2015,665,31
740,KUDAT,1876,6.879,116.844,,MYS,01/07/2015,665,38
741,SANDAKAN,1834,5.81,118.067,,MYS,01/07/2015,665,45
742,LAHAT DATU,1877,5.019,118.346,,MYS,01/07/2015,665,53
743,TAWAU,1734,4.233,117.883,,MYS,01/07/2015,665,61
744,GAN II,1707,-0.683,73.15,27.0,MDV,29/10/2015,454,2
745,"MALE-B, HULULE",1753,4.183,73.533,28.0,MDV,15/10/2013,454,11
746,MARSAXLOKK (FORMALLY VALLETTA),1735,35.82,14.533,,MLT,01/10/2015,265,1
747,ENEWETOK,665,11.367,162.35,,MHL,01/01/1980,720,1
748,KWAJALEIN,513,8.732,167.735,111.0,MHL,28/04/2015,720,11
749,MAJURO-B,1217,7.1,171.367,112.0,MHL,17/10/2002,720,16
750,MAJURO-C,1838,7.106,171.373,112.0,MHL,19/05/2015,720,17
751,WAKE ISLAND,595,19.29,166.617,105.0,MHL,28/04/2015,720,21
752,FORT-DE-FRANCE II,1942,14.602,-61.063,338.0,MTQ,20/07/2015,912,21
753,GRAND PORT,930,-20.367,57.75,,MUS,01/01/1980,450,1
754,PORT LOUIS,477,-20.15,57.5,18.0,MUS,12/06/1991,450,11
755,PORT LOUIS II,1673,-20.15,57.5,18.0,MUS,14/01/2016,450,12
756,RODRIGUES IS,1672,-19.667,63.417,19.0,MUS,14/01/2016,450,21
757,DZAOUDZI,1642,-12.782,45.258,96.0,MYT,20/07/2015,438,1
758,ENSENADA,795,31.85,-116.633,,MEX,12/01/2012,830,1
759,BAHIA SAN QUINTIN,1457,30.483,-115.983,,MEX,29/12/1994,830,5
760,GUADALUPE ISLAND II,1413,28.883,-118.3,160.0,MEX,29/01/1992,830,12
761,ISLA DE CEDROS,1430,28.1,-115.183,,MEX,29/01/1992,830,14
762,CABO SAN LUCAS,1355,22.883,-109.9,161.0,MEX,31/07/2014,830,20
763,LA PAZ,695,24.167,-110.35,,MEX,14/05/2013,830,21
764,LORETO,1410,26.017,-111.367,,MEX,29/01/1992,830,23
765,BAHIA DE LOS ANGELES,1357,28.967,-113.55,,MEX,03/12/1997,830,25
766,GUAYMAS,693,27.917,-110.9,,MEX,14/05/2013,830,31
767,TOPOLOBAMPO,793,25.6,-109.05,,MEX,21/01/1992,830,41
768,MAZATLAN,712,23.2,-106.417,,MEX,14/02/1996,830,51
769,MANZANILLO,737,19.05,-104.333,163.0,MEX,23/01/1992,830,71
770,MANZANILLO 2,1818,19.067,-104.3,163.0,MEX,23/09/2015,830,72
771,ACAPULCO,686,16.833,-99.917,267.0,MEX,24/06/2015,830,81
772,PUERTO ANGEL,1015,15.5,-96.5,164.0,MEX,14/02/1996,830,86
773,SALINA CRUZ,689,16.167,-95.2,,MEX,14/05/2013,830,91
774,PROGRESO,690,21.3,-89.667,213.0,MEX,24/06/2015,920,1
775,CIUDAD DEL CARMEN,796,18.633,-91.85,,MEX,24/01/1992,920,11
776,COATZACOALCOS,692,18.15,-94.417,,MEX,23/01/1992,920,21
777,ALVARADO,768,18.767,-95.767,,MEX,23/01/1992,920,31
778,TUXPAN,918,21.0,-97.333,,MEX,15/05/2013,920,51
779,CIUDAD MADERO,1020,22.25,-97.8,,MEX,09/10/1990,920,66
780,"CHUUK, MOEN ISLAND",528,7.447,151.847,116.0,FSM,10/03/2000,710,1
781,KAPINGAMARANGI,1473,1.1,154.783,117.0,FSM,28/10/2015,710,26
782,POHNPEI-B,1370,6.983,158.233,115.0,FSM,04/11/2015,710,31
783,POHNPEI C,1925,6.981,158.2,115.0,FSM,19/05/2015,710,32
784,MONACO (FONTVIEILLE),788,43.729,7.421,,MCO,20/07/2015,233,11
785,BAR,1075,42.083,19.083,,MNE,03/02/1993,281,11
786,VILLA SANJURJO,506,35.25,-3.917,,MAR,01/01/1980,350,4
787,MAPUTO,986,-25.967,32.567,,MOZ,12/10/2005,432,1
788,MOZAMBIQUE ISLAND,1054,-15.033,40.733,,MOZ,01/01/1980,432,21
789,AKYAB,421,20.133,92.9,37.0,MMR,01/01/1980,530,1
790,RANGOON,210,16.767,96.167,,MMR,01/01/1980,530,11
791,MOULMEIN,747,16.483,97.617,141.0,MMR,01/01/1980,530,21
792,AMHERST,746,16.083,97.567,,MMR,01/01/1980,530,31
793,WALVIS BAY,914,-22.949,14.499,314.0,NAM,13/05/2015,427,1
794,LUDERITZ,911,-26.643,15.155,,NAM,13/05/2015,427,11
795,NAURU,1374,-0.533,166.9,114.0,NRU,14/02/1996,715,1
796,NAURU-B,1844,-0.529,166.91,114.0,NRU,19/05/2015,715,2
797,DELFZIJL,24,53.326,6.933,,NLD,15/06/2015,150,1
798,WEST-TERSCHELLING,236,53.363,5.22,,NLD,15/06/2015,150,11
799,HARLINGEN,25,53.176,5.409,,NLD,15/06/2015,150,21
800,DEN HELDER,23,52.964,4.745,,NLD,15/06/2015,150,31
801,IJMUIDEN,32,52.462,4.555,,NLD,15/06/2015,150,41
802,HOEK VAN HOLLAND,22,51.978,4.12,,NLD,15/06/2015,150,51
803,MAASSLUIS,9,51.918,4.25,,NLD,15/06/2015,150,61
804,ROOMPOT BUITEN,1551,51.62,3.682,,NLD,15/06/2015,150,90
805,VLISSINGEN,20,51.442,3.596,,NLD,15/06/2015,150,101
806,NOUMEA-CHALEIX,852,-22.3,166.433,123.0,NCL,13/09/1991,740,1
807,NOUMEA-NUMBO,2134,-22.242,166.416,123.0,NCL,20/07/2015,740,21
808,AUCKLAND-WAITEMATA HARBOUR,217,-36.843,174.769,127.0,NZL,27/08/1999,690,1
809,AUCKLAND II,150,-36.843,174.769,127.0,NZL,09/06/2003,690,2
810,MOTURIKI ISLAND,978,-37.632,176.185,,NZL,23/11/2010,690,4
811,TAURANGA (SALISBURY WHARF),1590,-37.641,176.181,,NZL,19/08/2015,690,6
812,GISBORNE,1613,-38.675,178.022,,NZL,19/08/2015,690,8
813,NAPIER,1750,-39.476,176.92,,NZL,19/08/2015,690,9
814,WELLINGTON HARBOUR,221,-41.284,174.78,101.0,NZL,19/08/2015,690,11
815,WELLINGTON II,500,-41.284,174.78,101.0,NZL,04/03/2013,690,12
816,PORT LYTTELTON,247,-43.606,172.722,,NZL,19/08/2015,690,21
817,LYTTELTON II,259,-43.606,172.722,,NZL,17/01/2003,690,22
818,TIMARU HARBOUR,998,-44.394,171.256,,NZL,19/08/2015,690,26
819,PORT CHALMERS,1643,-45.815,170.624,,NZL,19/08/2015,690,28
820,DUNEDIN,252,-45.879,170.513,,NZL,01/01/1980,690,31
821,DUNEDIN II,136,-45.879,170.513,,NZL,19/08/2015,690,32
822,BLUFF (SOUTHLAND HARBOUR),213,-46.598,168.345,129.0,NZL,19/08/2015,690,41
823,GREYMOUTH,993,-42.45,171.2,,NZL,01/01/1980,690,51
824,WESTPORT HARBOUR,1004,-41.746,171.595,,NZL,25/05/1995,690,61
825,NELSON,787,-41.261,173.273,,NZL,19/08/2015,690,71
826,WANGANUI,1621,-39.945,174.993,,NZL,19/05/1989,690,77
827,PORT TARANAKI,996,-39.056,174.034,,NZL,19/08/2015,690,81
828,WHANGAREI HARBOUR (MARSDEN POINT),1065,-35.757,174.35,,NZL,19/08/2015,690,105
829,CHATHAM ISLAND,1920,-43.946,-176.561,128.0,NZL,17/11/2010,690,401
830,FORCADOS,389,5.35,5.35,,NGA,05/10/1992,420,11
831,NORFOLK ISLAND,821,-29.058,167.954,124.0,NFK,19/05/2015,680,91
832,SAIPAN,1474,15.233,145.75,118.0,MNP,28/10/2015,700,11
833,VARDO,524,70.375,31.104,323.0,NOR,10/11/2015,40,1
834,VADSO,1257,70.067,29.75,,NOR,18/10/1994,40,5
835,BERLEVAG,442,70.85,29.1,,NOR,01/01/1980,40,11
836,HONNINGSVAG,1267,70.98,25.973,,NOR,10/11/2015,40,15
837,HAMMERFEST,758,70.665,23.683,,NOR,10/11/2015,40,21
838,TROMSO,680,69.647,18.961,,NOR,10/11/2015,40,31
839,ANDENES,425,69.326,16.135,322.0,NOR,10/11/2015,40,41
840,HARSTAD,681,68.801,16.548,,NOR,10/11/2015,40,61
841,EVENSKJAER,531,68.583,16.55,,NOR,01/01/1980,40,71
842,NARVIK,312,68.428,17.426,,NOR,10/11/2015,40,81
843,KABELVAG,45,68.213,14.482,,NOR,10/11/2015,40,91
844,BODO,562,67.288,14.391,,NOR,10/11/2015,40,101
845,SANDNESSJOEN,1137,66.017,12.633,,NOR,01/01/1980,40,117
846,MOSJOEN,781,65.85,13.2,,NOR,01/01/1980,40,121
847,BRONNOYSUND,803,65.483,12.217,,NOR,01/01/1980,40,131
848,RORVIK,1241,64.859,11.23,234.0,NOR,10/11/2015,40,136
849,TRONDHEIM,34,63.433,10.433,,NOR,30/09/1991,40,141
850,TRONDHEIM 2,1748,63.436,10.392,,NOR,17/11/2015,40,142
851,HEIMSJO,313,63.425,9.102,,NOR,10/11/2015,40,151
852,KRISTIANSUND,682,63.114,7.734,,NOR,10/11/2015,40,161
853,ALESUND,509,62.469,6.152,,NOR,10/11/2015,40,191
854,KJOLSDAL,398,61.917,5.633,,NOR,10/10/1994,40,201
855,MALOY,486,61.934,5.113,,NOR,10/11/2015,40,211
856,BERGEN,58,60.398,5.32,,NOR,10/11/2015,40,221
857,STAVANGER,47,58.974,5.73,,NOR,17/11/2015,40,261
858,TREGDE,302,58.006,7.555,321.0,NOR,10/11/2015,40,301
859,HELGEROA,1113,58.995,9.856,,NOR,17/11/2015,40,310
860,NEVLUNGHAVN,401,58.967,9.883,,NOR,01/01/1980,40,311
861,OSLO,62,59.909,10.735,,NOR,10/11/2015,40,321
862,OSCARSBORG,33,59.678,10.605,,NOR,10/11/2015,40,331
863,VIKER,1759,59.036,10.95,,NOR,17/11/2015,40,341
864,SALALAH,1754,16.933,54.0,4.0,OMN,13/01/2016,487,1
865,MASIRAH,1887,20.683,58.867,,OMN,29/10/2015,487,12
866,MUSCAT,1716,23.633,58.567,,OMN,15/10/2013,487,21
867,MUSCAT B,2185,23.628,58.565,,OMN,28/10/2015,487,22
868,KARACHI,204,24.812,66.975,30.0,PAK,27/01/2016,490,21
869,MALAKAL-B,1252,7.333,134.467,120.0,PLW,29/10/2015,711,21
870,PUERTO ARMUELLES,668,8.267,-82.867,,PAN,01/01/1980,840,1
871,PUERTO ARMUELLES B,1571,8.267,-82.867,,PAN,05/06/2014,840,2
872,BALBOA,163,8.967,-79.567,168.0,PAN,03/11/2015,840,11
873,NAOS ISLAND,581,8.918,-79.55,,PAN,01/01/1980,840,21
874,NAOS ISLAND 2,1783,8.918,-79.533,,PAN,07/10/1998,840,22
875,COCO SOLO,1530,9.367,-79.883,208.0,PAN,21/08/1997,904,6
876,CRISTOBAL,169,9.35,-79.917,208.0,PAN,16/01/2012,904,11
877,LAE,1303,-6.75,147.0,,PNG,03/07/2013,670,2
878,ALOTAU,1607,-10.317,150.45,63.0,PNG,03/07/2013,670,6
879,PORT MORESBY,439,-9.483,147.133,,PNG,20/05/1996,670,11
880,PORT MORESBY II,1610,-9.483,147.133,,PNG,26/03/2013,670,12
881,RABAUL,1164,-4.2,152.183,65.0,PNG,08/12/1998,670,21
882,KAVIENG,1608,-2.583,150.8,,PNG,03/07/2013,670,31
883,MANUS ISLAND,1609,-2.017,147.267,,PNG,03/07/2013,670,41
884,LOMBRUM,1860,-2.042,147.374,331.0,PNG,19/05/2015,670,43
885,WEWAK,1304,-3.55,143.633,,PNG,03/07/2013,670,51
886,MADANG,1254,-5.217,145.8,,PNG,03/07/2013,670,61
887,TALARA,475,-4.617,-81.283,,PER,01/01/1980,848,11
888,CHIMBOTE,771,-9.083,-78.633,,PER,01/01/1980,848,21
889,CALLAO 2,1274,-12.05,-77.15,173.0,PER,29/10/2015,848,32
890,SAN JUAN,923,-15.367,-75.2,,PER,01/01/1980,848,41
891,MATARANI,458,-17.0,-72.117,,PER,01/03/1990,848,51
892,MATARANI B,2188,-17.002,-72.108,,PER,04/11/2015,848,55
893,"SAN FERNANDO, LA UNION",548,16.617,120.3,,PHL,27/06/1990,660,1
894,SAN JOSE,1711,12.333,121.083,,PHL,01/12/2015,660,2
895,PORT IRENE,1705,18.383,122.1,,PHL,08/10/2008,660,3
896,CATICLAN MALAY AKLAN,2172,11.95,121.933,,PHL,07/01/2016,660,4
897,"PULUPANDAN, NEGROS OCCIDENTAL",2151,10.517,122.8,,PHL,07/01/2016,660,5
898,CURRIMAO ILOCOS NORTE,2173,17.983,120.483,,PHL,01/12/2015,660,7
899,"BALANACAN, MARINDUQUE",2157,13.533,121.867,,PHL,01/12/2015,660,8
900,SUBIC ZAMBALES,2176,14.767,120.25,,PHL,01/12/2015,660,9
901,"MANILA, S. HARBOR",145,14.583,120.967,73.0,PHL,01/12/2015,660,11
902,"LEGASPI, ALBAY",522,13.15,123.75,72.0,PHL,01/12/2015,660,21
903,"VIRAC, CATANDUANES",2150,13.583,124.233,,PHL,07/01/2016,660,22
904,REAL QUEZON,2035,14.667,121.6,,PHL,01/12/2015,660,24
905,"TACLOBAN, LEYTE",664,11.25,125.0,,PHL,01/01/1980,660,71
906,CEBU,394,10.3,123.917,,PHL,01/12/2015,660,101
907,"BALINTANG, QUEZON, PALAWAN",2155,9.35,118.133,,PHL,12/12/2013,660,106
908,"PUERTO PRINCESA, PALAWAN",207,9.75,118.733,,PHL,01/12/2015,660,111
909,"MATI, DAVAO ORIENTAL",2156,6.95,126.217,,PHL,07/01/2016,660,116
910,"DAVAO, DAVAO GULF",537,7.083,125.633,71.0,PHL,01/12/2015,660,121
911,PAGADIAN CITY,2152,7.817,123.433,,PHL,01/12/2015,660,125
912,"MAKAR, GENERAL SANTOS CITY",2153,6.1,125.15,,PHL,01/12/2015,660,128
913,ZAMBOANGA CITY,2175,6.917,122.067,,PHL,01/12/2015,660,133
914,"JOLO, SULU",260,6.067,121.0,70.0,PHL,30/03/1999,660,141
915,"MACABALAN PORT, CAGAYAN DE ORO",2154,8.5,124.667,,PHL,01/12/2015,660,145
916,"TANDAG, SURIGAO DEL SUR",2158,9.083,126.2,,PHL,01/12/2015,660,148
917,MAMBAJAO CAMGUIN,2174,9.25,124.733,,PHL,01/12/2015,660,150
918,SURIGAO,1708,9.783,125.5,,PHL,01/12/2015,660,151
919,GDANSK/NOWY PORT,64,54.4,18.683,,POL,19/10/2001,110,22
920,GDYNIA,364,54.533,18.55,,POL,01/01/1980,110,32
921,HEL,146,54.6,18.8,,POL,01/01/1980,110,42
922,WLADYSLAWOWO,645,54.8,18.417,,POL,19/10/2001,110,47
923,USTKA,644,54.583,16.867,,POL,19/10/2001,110,57
924,KOLOBRZEG,643,54.183,15.55,,POL,19/10/2001,110,72
925,SWINOUJSCIE,2,53.917,14.233,,POL,19/10/2001,110,92
926,VIANA,1482,41.683,-8.833,,PRT,09/11/1998,210,11
927,LEIXOES,791,41.183,-8.7,,PRT,09/11/1998,210,12
928,AVEIRO,1402,40.65,-8.75,,PRT,06/11/1998,210,13
929,CASCAIS,52,38.683,-9.417,246.0,PRT,27/01/2016,210,21
930,LISBON,1336,38.7,-9.133,,PRT,30/11/1988,210,23
931,SETROIA,1425,38.5,-8.9,,PRT,09/11/1998,210,26
932,SINES,1456,37.95,-8.883,,PRT,09/11/1998,210,28
933,LAGOS,162,37.1,-8.667,,PRT,27/01/2016,210,31
934,PONTA DELGADA,258,37.736,-25.671,245.0,PRT,27/01/2016,360,1
935,ANGRA DO HEROISMO,380,38.65,-27.233,,PRT,04/11/1998,360,11
936,LAJES DAS FLORES,2171,39.378,-31.169,,PRT,16/12/2015,360,36
937,FUNCHAL,1030,32.644,-16.913,250.0,PRT,14/04/2009,365,1
938,FUNCHAL II,2024,32.651,-17.118,250.0,PRT,16/12/2015,365,10
939,CULEBRA,2120,18.302,-65.303,,PRI,12/02/2014,938,1
940,"ESPERANZA, VIEQUES",2209,18.093,-65.472,,PRI,13/02/2014,938,4
941,MAGUEYES ISLAND,759,17.97,-67.045,,PRI,28/04/2015,938,11
942,SAN JUAN,1001,18.458,-66.115,206.0,PRI,29/04/2015,938,21
943,AGUADILLA,2121,18.457,-67.163,,PRI,18/02/2013,938,31
944,MONA ISLAND,2122,18.09,-67.938,,PRI,29/04/2015,938,41
945,POINTE DES GALETS,1501,-20.935,55.285,17.0,REU,20/07/2015,451,1
946,CONSTANTZA,379,44.167,28.667,,ROU,01/07/1998,297,21
947,RUSSKAYA GAVAN,711,76.2,62.583,99.0,RUS,12/07/1994,30,1
948,RUSSKAIA GAVAN II,710,76.183,62.583,99.0,RUS,17/01/2003,30,3
949,BELYI NOS,859,69.6,60.217,,RUS,17/01/2003,30,7
950,BUGRINO,2025,68.8,49.333,,RUS,20/07/2010,30,10
951,KRENKELIA (HEISA OSTROV),1012,80.617,58.05,,RUS,17/01/2003,30,14
952,MALYE KARMAKULY,609,72.367,52.7,,RUS,17/01/2003,30,16
953,MURMANSK,684,68.967,33.05,274.0,RUS,26/01/2016,30,18
954,MURMANSK II,687,68.967,33.05,274.0,RUS,17/01/2003,30,19
955,POLYARNIY,2027,69.2,33.483,,RUS,20/07/2010,30,20
956,TERIBERKA,2028,69.2,35.117,,RUS,20/07/2010,30,23
957,LINAKHAMARI,365,69.65,31.367,,RUS,01/01/1980,30,25
958,MYS PIKSHUEVA,2026,69.55,32.433,,RUS,20/07/2010,30,30
959,BOLVANSKII NOS (FEDOROVA),651,70.45,59.083,,RUS,06/01/2003,30,305
960,UGORSKII SHAR (UGORSKII SHAR PROLIV),622,69.817,60.75,,RUS,06/01/2003,30,308
961,AMDERMA,599,69.75,61.7,,RUS,08/12/2014,30,310
962,UST KARA,600,69.25,64.517,,RUS,08/12/2014,30,315
963,MORZHOVAIA (HARASAVEI MYS),732,71.417,67.583,,RUS,16/05/2013,30,318
964,ZHELANIA II (ZHELANIA MYS),647,76.95,68.55,,RUS,06/01/2003,30,321
965,POPOVA (BELYI OSTROV),653,73.333,70.05,,RUS,06/01/2003,30,325
966,TADIBE-IAHA,767,70.367,72.567,,RUS,06/01/2003,30,328
967,SE-LAHA,1200,70.15,72.567,,RUS,06/01/2003,30,331
968,ANTIPAIUTA,1128,69.083,76.85,,RUS,06/01/2003,30,335
969,VISE (VISE OSTROV),704,79.5,76.983,,RUS,08/12/2014,30,338
970,LESKINA (LESKINA MYS),654,72.317,79.567,,RUS,06/01/2003,30,340
971,DIKSON,611,73.5,80.4,312.0,RUS,13/08/2013,30,345
972,UEDINENIA (UEDINENIA OSTROV),707,77.5,82.2,,RUS,06/01/2003,30,348
973,SOPOCHNAIA KARGA,917,71.867,82.7,,RUS,08/12/2014,30,351
974,IZVESTIA TSIK (IZVESTIA TSIK OSTROVA),728,75.95,82.95,,RUS,08/12/2014,30,360
975,STERLEGOVA (STERLEGOVA MYS),612,75.417,88.9,,RUS,13/08/2013,30,365
976,ISACHENKO (ISACHENKO OSTROV),734,77.15,89.2,,RUS,06/01/2003,30,370
977,GOLOMIANYI (GOLOMIANYI OSTROV),729,79.55,90.617,,RUS,13/08/2013,30,374
978,PRAVDY (PRAVDY OSTROV),615,76.267,94.767,,RUS,06/01/2003,30,378
979,RUSSKII (RUSSKII OSTROV),655,77.167,96.433,,RUS,06/01/2003,30,380
980,KRASNOFLOTSKIE (KRASNOFLOTSKIE OSTROVA),738,78.6,98.833,,RUS,16/05/2013,30,385
981,GEIBERGA (GEIBERGA OSTROV),648,77.6,101.517,,RUS,06/01/2003,30,387
982,SOLNECHNAIA (SOLNECHNAIA BUKHTA),656,78.2,103.267,,RUS,06/01/2003,30,390
983,FEDOROVA (CHELUSKIN MYS),601,77.717,104.3,,RUS,13/08/2013,30,392
984,KOSYSTYI (KOSYSTYI MYS),736,73.65,109.733,,RUS,06/01/2003,30,394
985,SVIATOI NOS (SVIATOI NOS MYS),657,72.833,140.733,,RUS,06/01/2003,30,397
986,PESCHANYI (PESCHANYI MYS),1006,79.433,102.483,,RUS,08/01/2003,30,405
987,ANDREIA (ANDREIA OSTROV),646,76.8,110.75,,RUS,08/01/2003,30,410
988,MALYI TAIMYR (MALYI TAIMYR OSTROV),620,78.083,106.817,,RUS,08/01/2003,30,414
989,PREOBRAZHENIA (PREOBRAZHENIA OSTROV),652,74.667,112.933,,RUS,08/01/2003,30,418
990,MARII PRONCHISHEVOI (BUKHTA),667,75.533,113.433,,RUS,08/01/2003,30,420
991,ANABAR,1780,73.217,113.5,,RUS,08/12/2014,30,425
992,TERPIAI-TUMSA,790,73.55,118.667,,RUS,08/01/2003,30,430
993,UST OLENEK,610,73.0,119.867,,RUS,08/01/2003,30,435
994,DUNAI (DUNAI OSTROV),640,73.933,124.5,,RUS,13/08/2013,30,440
995,SAGYLLAH-ARY,1019,73.15,128.883,,RUS,08/01/2003,30,443
996,TIKSI (TIKSI BUKHTA),569,71.583,128.917,313.0,RUS,13/08/2013,30,447
997,BYKOV MYS (BYKOV MYS),1399,72.0,129.117,,RUS,08/01/2003,30,449
998,MALYSHEVA (MALYSHEVA OSTROV),741,72.067,129.833,,RUS,08/01/2003,30,452
999,MUOSTAH ( MUOSTAH OSTROV),649,71.55,130.033,,RUS,08/01/2003,30,455
1000,NAIBA,1497,70.85,130.75,,RUS,08/01/2003,30,460
1001,BUORHAIA (BUORHAIA MYS),735,71.95,132.767,,RUS,08/01/2003,30,464
1002,UADEI,709,71.517,136.417,,RUS,08/01/2003,30,468
1003,KOTELNYI (KOTELNYI OSTROV),641,76.0,137.867,,RUS,08/12/2014,30,475
1004,SANNIKOVA (SANNIKOVA PROLIV),602,74.667,138.9,,RUS,08/12/2014,30,480
1005,KIGILIAH,642,73.333,139.867,,RUS,08/12/2014,30,485
1006,ZEMLIA BUNGE,658,74.883,142.117,,RUS,13/01/2003,30,510
1007,SHALAUROVA (SHALAUROVA MYS),603,73.183,143.233,,RUS,13/08/2013,30,516
1008,NEMKOVA (NEMKOVA OSTROV),797,71.417,150.75,,RUS,16/01/2003,30,521
1009,ZHOHOVA (ZHOHOVA OSTROV),937,76.15,152.833,,RUS,13/01/2003,30,528
1010,AMBARCHIK,604,69.617,162.3,,RUS,08/12/2014,30,535
1011,CHETYREHSTOLBOVOI,650,70.633,162.483,,RUS,16/01/2003,30,550
1012,RAU-CHUA,605,69.5,166.583,,RUS,08/12/2014,30,556
1013,AION,730,69.933,167.983,,RUS,13/07/2010,30,560
1014,PEVEK,606,69.7,170.25,,RUS,08/12/2014,30,567
1015,VALKARKAI,792,70.083,170.933,,RUS,16/01/2003,30,570
1016,BILLINGA,708,69.883,175.767,,RUS,16/01/2003,30,578
1017,MYS SHMIDTA,616,68.9,-179.367,,RUS,16/01/2003,30,610
1018,VRANGELIA (VRANGELIA OSTROV),608,70.983,-178.483,,RUS,16/01/2003,30,620
1019,VANKAREM,607,67.833,-175.833,,RUS,13/08/2013,30,630
1020,KOLUCHIN,621,67.483,-174.65,,RUS,16/01/2003,30,640
1021,NETTEN,613,66.967,-171.933,,RUS,16/01/2003,30,650
1022,RATMANOVA,617,66.85,-169.133,,RUS,16/01/2003,30,670
1023,PROVIDENIA,662,64.417,-173.233,309.0,RUS,16/01/2003,30,725
1024,SUR SARI,227,60.083,26.983,,RUS,01/01/1980,80,1
1025,VYBORG,83,60.7,28.733,,RUS,01/01/1980,80,2
1026,PRIMORSK,237,60.35,28.617,,RUS,01/01/1980,80,4
1027,PIONERSKY,1719,54.7,20.483,,RUS,19/07/1995,80,179
1028,KALININGRAD,289,54.95,20.217,97.0,RUS,29/06/1988,80,181
1029,TUAPSE,215,44.1,39.067,98.0,RUS,26/01/2016,300,1
1030,YUZHNO KURILSK,546,44.017,145.867,90.0,RUS,25/01/1996,630,1
1031,NAGAEVO,827,59.55,150.717,92.0,RUS,26/01/2016,630,11
1032,PETROPAVLOVSK-KAMCHATSKY,824,52.983,158.65,93.0,RUS,26/01/2016,630,21
1033,ENGLISH BAY (ASCENSION ISLAND),1831,-7.893,-14.386,263.0,SHN,02/10/2014,402,1
1034,JAMESTOWN LANDING STEPS,1845,-15.921,-5.718,264.0,SHN,03/06/2014,425,1
1035,APIA B,1840,-13.827,-171.761,,WSM,19/05/2015,746,2
1036,DAKAR,476,14.633,-17.45,253.0,SEN,01/01/1980,390,1
1037,DAKAR 2,1816,14.683,-17.417,253.0,SEN,03/11/2015,390,2
1038,POINT LA RUE,1846,-4.667,55.533,339.0,SYC,03/11/2015,442,7
1039,VICTORIA DOCK,1183,1.267,103.85,44.0,SGP,26/05/1988,555,1
1040,TANJONG PAGAR,1746,1.267,103.85,44.0,SGP,30/06/2015,555,2
1041,KEPPEL HARBOUR,1534,1.267,103.817,44.0,SGP,09/06/1992,555,3
1042,BUKOM,2032,1.226,103.778,,SGP,30/06/2015,555,10
1043,RAFFLES LIGHT HOUSE,1351,1.167,103.75,,SGP,30/06/2015,555,11
1044,UBIN,2068,1.419,103.928,,SGP,30/06/2015,555,15
1045,TANJONG CHANGI,2033,1.39,103.999,,SGP,30/06/2015,555,20
1046,SULTAN SHOAL,1248,1.233,103.65,,SGP,30/06/2015,555,21
1047,TANAH MERAH,2034,1.312,103.988,,SGP,30/06/2015,555,30
1048,JURONG,1275,1.3,103.717,,SGP,15/08/2005,555,31
1049,TUAS (WEST JURONG),1894,1.283,103.667,,SGP,21/01/2014,555,35
1050,SEMBAWANG,724,1.467,103.833,,SGP,30/06/2015,555,51
1051,WEST COAST,1895,1.3,103.767,,SGP,30/06/2015,555,81
1052,WEST TUAS,1896,1.344,103.634,,SGP,30/06/2015,555,91
1053,KOPER,1009,45.567,13.75,,SVN,18/12/1997,279,2
1054,LUKA KOPER,1817,45.567,13.75,,SVN,13/03/2007,279,3
1055,HONIARA II,1373,-9.433,159.95,66.0,SLB,07/11/1996,734,2
1056,HONIARA-B,1861,-9.429,159.955,66.0,SLB,19/05/2015,734,4
1057,PORT NOLLOTH,836,-29.257,16.868,,ZAF,13/05/2015,430,21
1058,STOMPNEUS BAY,882,-32.717,17.983,,ZAF,01/01/1980,430,31
1059,SALAMANDER,1427,-33.067,18.0,,ZAF,02/10/1995,430,37
1060,CAPE TOWN (GRANGER BAY),1195,-33.905,18.435,,ZAF,13/05/2015,430,45
1061,TABLE BAY HARBOUR,866,-33.917,18.433,,ZAF,27/03/2013,430,51
1062,SIMONS BAY,826,-34.188,18.44,268.0,ZAF,13/05/2015,430,61
1063,HERMANUS,928,-34.433,19.233,,ZAF,01/01/1980,430,71
1064,MOSSEL BAY,910,-34.179,22.135,,ZAF,13/05/2015,430,81
1065,KNYSNA,950,-34.049,23.046,,ZAF,14/05/2015,430,86
1066,PORT ELIZABETH,820,-33.951,25.63,76.0,ZAF,13/05/2015,430,88
1067,EAST LONDON,1192,-33.027,27.932,,ZAF,14/05/2015,430,90
1068,DURBAN,284,-29.874,31.051,13.0,ZAF,14/05/2015,430,91
1069,RICHARDS BAY,1443,-28.812,32.079,,ZAF,14/05/2015,430,95
1070,PASAJES,561,43.317,-1.917,,ESP,01/01/1980,200,1
1071,BILBAO,1806,43.352,-3.045,,ESP,12/01/2016,200,6
1072,SANTANDER I,485,43.461,-3.791,,ESP,24/02/2016,200,11
1073,SANTANDER II,1051,43.467,-3.767,,ESP,01/01/1980,200,12
1074,SANTANDER III,1807,43.461,-3.791,,ESP,12/01/2016,200,13
1075,GIJON II,1871,43.558,-5.698,,ESP,12/01/2016,200,22
1076,LA CORUNA I,484,43.369,-8.398,243.0,ESP,24/02/2016,200,30
1077,LA CORUNA II,763,43.367,-8.4,243.0,ESP,30/11/1998,200,31
1078,LA CORUNA III,1808,43.357,-8.389,243.0,ESP,20/01/2016,200,32
1079,FERROL 2,2053,43.476,-8.249,,ESP,12/01/2016,200,35
1080,VILLAGARCIA,1897,42.6,-8.767,,ESP,12/01/2016,200,36
1081,VIGO,483,42.238,-8.731,,ESP,24/02/2016,200,41
1082,VIGO II,1898,42.243,-8.726,,ESP,12/01/2016,200,42
1083,CADIZ II,209,36.533,-6.317,,ESP,26/06/2013,220,2
1084,CADIZ III,985,36.54,-6.286,,ESP,24/02/2016,220,3
1085,HUELVA,1883,37.132,-6.834,,ESP,12/01/2016,220,5
1086,BONANZA,1809,36.802,-6.338,,ESP,12/01/2016,220,8
1087,SEVILLA-ESCLUSA,2047,37.332,-5.995,,ESP,17/04/2013,220,10
1088,ALGECIRAS,490,36.117,-5.433,,ESP,20/11/2006,220,11
1089,ALGECIRAS B,2117,36.121,-5.437,,ESP,24/02/2016,220,12
1090,ALGECIRAS 2,2055,36.177,-5.398,,ESP,12/01/2016,220,15
1091,TARIFA,488,36.009,-5.603,,ESP,24/02/2016,220,21
1092,TARIFA 2,2054,36.006,-5.604,,ESP,13/01/2016,220,24
1093,MALAGA,496,36.713,-4.415,,ESP,27/04/2015,220,31
1094,MALAGA II,1810,36.712,-4.417,,ESP,12/01/2016,220,32
1095,MOTRIL 2,1940,36.72,-3.524,,ESP,12/01/2016,220,35
1096,ALMERIA,1455,36.833,-2.483,,ESP,11/11/1998,220,41
1097,ALMERIA 2,2056,36.83,-2.478,,ESP,12/01/2016,220,44
1098,CARTAGENA,1460,37.6,-0.967,,ESP,07/04/1989,220,46
1099,ALICANTE I,208,38.333,-0.483,,ESP,11/11/1998,220,51
1100,ALICANTE II,960,38.333,-0.483,,ESP,11/11/1998,220,52
1101,VALENCIA,1813,39.442,-0.311,,ESP,12/01/2016,220,56
1102,GANDIA,2058,38.995,-0.151,,ESP,12/01/2016,220,58
1103,SAGUNTO,2059,39.634,-0.206,,ESP,12/01/2016,220,60
1104,BARCELONA,1811,41.342,2.166,,ESP,12/01/2016,220,61
1105,L'ESTARTIT,1764,42.05,3.2,,ESP,18/05/2015,220,81
1106,PALMA,1087,39.55,2.62,,ESP,22/06/2011,225,1
1107,PALMA DE MALLORCA,1892,39.551,2.639,,ESP,24/02/2016,225,11
1108,PALMA DE MALLORCA 2,2061,39.56,2.637,,ESP,12/01/2016,225,12
1109,ALCUDIA,2063,39.835,3.139,,ESP,12/01/2016,225,14
1110,MAHON,2062,39.893,4.271,,ESP,12/01/2016,225,16
1111,IBIZA,1932,38.911,1.45,,ESP,12/01/2016,225,21
1112,FORMENTERA,2060,38.735,1.419,,ESP,12/01/2016,225,22
1113,CEUTA,498,35.892,-5.316,249.0,ESP,24/02/2016,340,1
1114,MELILLA,2057,35.291,-2.929,,ESP,12/01/2016,340,3
1115,ARRECIFE,593,28.972,-13.53,,ESP,24/02/2016,370,1
1116,ARRECIFE-D,1710,28.95,-13.567,,ESP,15/05/2002,370,4
1117,FUERTEVENTURA,2048,28.493,-13.858,,ESP,12/01/2016,370,6
1118,HIERRO,2051,27.784,-17.902,,ESP,12/01/2016,370,10
1119,ARRECIFE 2,2066,28.972,-13.53,,ESP,12/01/2016,370,10
1120,SANTA CRUZ DE LA PALMA,585,28.683,-17.75,,ESP,01/01/1980,370,11
1121,SANTA CRUZ DE LA PALMA B,568,28.672,-17.769,,ESP,24/02/2016,370,15
1122,LA PALMA,2064,28.678,-17.768,,ESP,12/01/2016,370,18
1123,LA GOMERA,2065,28.088,-17.108,,ESP,12/01/2016,370,20
1124,SANTA CRUZ DE TENERIFE I,303,28.483,-16.233,,ESP,17/11/1993,370,21
1125,TENERIFE,1803,28.483,-16.233,,ESP,12/01/2016,370,32
1126,GRANADILLA,2050,28.085,-16.49,,ESP,24/01/2013,370,34
1127,"LAS PALMAS, PUERTO DE LA LUZ",590,28.167,-15.417,251.0,ESP,25/11/1993,370,41
1128,LAS PALMAS C (PUERTO DE LA LUZ),565,28.147,-15.408,251.0,ESP,24/02/2016,370,45
1129,LAS PALMAS D,1802,28.141,-15.412,251.0,ESP,13/01/2016,370,46
1130,ARINAGA,2049,27.847,-15.401,,ESP,24/01/2013,370,48
1131,PORT SUDAN,1690,19.633,37.117,,SDN,27/02/1995,477,1
1132,BARENTSBURG,541,78.067,14.25,231.0,SJM,26/01/2016,25,1
1133,BARENTSBURG II (SPITSBERGEN),547,78.067,14.25,231.0,SJM,17/01/2003,25,2
1134,NY-ALESUND,1421,78.929,11.938,345.0,SJM,10/11/2015,25,21
1135,STROMSTAD,140,58.95,11.183,,SWE,06/11/1991,50,1
1136,KUNGSVIK,2113,58.997,11.127,,SWE,21/05/2015,50,9
1137,SMOGEN,179,58.354,11.218,,SWE,21/05/2015,50,11
1138,BACKEVIK,97,58.367,11.25,,SWE,01/01/1980,50,21
1139,STENUNGSUND,2112,58.093,11.833,,SWE,21/05/2015,50,24
1140,GOTEBORG-RINGON,2133,57.717,11.967,,SWE,01/11/2012,50,30
1141,GOTEBORG - KLIPPAN,74,57.683,11.9,,SWE,01/03/2012,50,31
1142,GOTEBORG - TORSHAMNEN,1236,57.685,11.791,233.0,SWE,21/05/2015,50,32
1143,RINGHALS,2111,57.25,12.113,,SWE,21/05/2015,50,35
1144,VARBERG,73,57.1,12.217,,SWE,01/01/1980,50,41
1145,KLAGSHAMN,330,55.522,12.894,,SWE,21/05/2015,50,51
1146,SKANOR,2108,55.417,12.829,,SWE,21/05/2015,50,56
1147,LIMHAMN,323,55.583,12.933,,SWE,01/01/1980,50,61
1148,BARSEBACK,2109,55.756,12.903,,SWE,21/05/2015,50,64
1149,VIKEN,2110,56.142,12.579,,SWE,21/05/2015,50,66
1150,YSTAD,72,55.417,13.817,,SWE,29/07/1988,50,71
1151,SIMRISHAMN,2107,55.558,14.358,,SWE,21/05/2015,50,74
1152,KUNGSHOLMSFORT,70,56.105,15.589,,SWE,21/05/2015,50,81
1153,OSKARSHAMN,2106,57.275,16.478,,SWE,21/05/2015,50,85
1154,OLANDS NORRA UDDE,69,57.366,17.097,,SWE,21/05/2015,50,91
1155,VISBY,2105,57.639,18.284,,SWE,21/05/2015,50,96
1156,NEDRE NYKOPING,170,58.75,17.017,,SWE,01/01/1980,50,111
1157,MARVIKEN,2104,58.554,16.837,,SWE,21/05/2015,50,115
1158,LANDSORT,68,58.742,17.865,,SWE,01/03/2012,50,121
1159,LANDSORT NORRA,2132,58.769,17.859,,SWE,21/05/2015,50,123
1160,NEDRE SODERTALJE,31,59.2,17.617,,SWE,06/11/1991,50,131
1161,STOCKHOLM,78,59.324,18.082,341.0,SWE,21/05/2015,50,141
1162,GRONSKAR,77,59.283,19.033,,SWE,06/11/1991,50,151
1163,FORSMARK,2103,60.409,18.211,,SWE,21/05/2015,50,155
1164,BJORN,90,60.633,17.967,,SWE,01/01/1980,50,161
1165,NEDRE GAVLE,99,60.683,17.167,,SWE,06/11/1991,50,171
1166,DRAGHALLAN,122,62.367,17.533,,SWE,01/01/1980,50,181
1167,SPIKARNA,1211,62.363,17.531,,SWE,21/05/2015,50,183
1168,SKAGSUDDE,2102,63.191,19.013,,SWE,21/05/2015,50,187
1169,RATAN,88,63.986,20.895,,SWE,21/05/2015,50,191
1170,FURUOGRUND,203,64.916,21.231,,SWE,21/05/2015,50,201
1171,KALIX,2101,65.697,23.096,,SWE,21/05/2015,50,205
1172,KEELUNG II,545,25.133,121.733,,TWN,28/04/1998,612,2
1173,KAOHSIUNG II,1356,22.533,120.317,,TWN,28/04/1998,612,12
1174,ZANZIBAR,1600,-6.15,39.183,297.0,TZA,03/11/2015,460,16
1175,KO TAPHAO NOI,446,7.833,98.433,42.0,THA,06/08/2013,545,1
1176,PANWA CAPE,2230,7.801,98.406,,THA,02/07/2015,545,2
1177,KO MATTAPHON,1792,10.45,99.25,,THA,02/07/2015,600,11
1178,KO LAK,174,11.8,99.817,39.0,THA,02/07/2015,600,21
1179,FORT PHRACHULA CHOMKLAO (POM PHRACHUN),444,13.55,100.583,,THA,02/07/2015,600,41
1180,KO SICHANG,449,13.15,100.817,,THA,28/05/2003,600,51
1181,NUKU'ALOFA B,1842,-21.137,-175.181,125.0,TON,19/05/2015,744,2
1182,PORT OF SPAIN,415,10.65,-61.517,203.0,TTO,15/11/1999,890,1
1183,TRABZON II,1927,41.0,39.733,,TUR,28/06/2010,310,13
1184,IGNEDA,1926,41.883,28.017,,TUR,09/07/2013,310,18
1185,AMASRA,1919,41.433,32.233,,TUR,24/06/2010,310,26
1186,MARMARA EREGLISI,2010,40.967,27.967,,TUR,28/06/2010,310,37
1187,ERDEK,1598,40.383,27.85,,TUR,09/07/2013,310,38
1188,MENTES/IZMIR,1679,38.433,26.717,,TUR,09/07/2013,310,42
1189,BODRUM II,1680,37.033,27.417,,TUR,09/07/2013,310,46
1190,ANTALYA II,1681,36.833,30.617,,TUR,09/07/2013,310,52
1191,ISKENDERUN II,2020,36.594,36.181,,TUR,28/06/2010,310,66
1192,ERDEMLI,2009,36.567,34.25,,TUR,28/06/2010,310,71
1193,FUNAFUTI,1452,-8.533,179.217,121.0,TUV,17/10/2002,732,11
1194,FUNAFUTI B,1839,-8.502,179.195,121.0,TUV,19/05/2015,732,12
1195,SEVASTOPOL,42,44.617,33.533,,UKR,03/02/1998,298,41
1196,LERWICK,830,60.154,-1.14,236.0,GBR,06/05/2015,170,1
1197,WICK,1109,58.441,-3.086,,GBR,06/05/2015,170,5
1198,INVERGORDON,944,57.683,-4.167,,GBR,01/01/1980,170,7
1199,BUCKIE,1281,57.667,-2.967,,GBR,07/04/1992,170,9
1200,ABERDEEN I,361,57.144,-2.077,,GBR,06/05/2015,170,11
1201,ABERDEEN II,21,57.15,-2.083,,GBR,01/01/1980,170,12
1202,ROSYTH,1074,56.017,-3.45,,GBR,29/03/1994,170,27
1203,LEITH,802,55.983,-3.167,,GBR,04/08/1989,170,31
1204,LEITH II,1526,55.99,-3.182,,GBR,06/05/2015,170,32
1205,DUNBAR,190,56.0,-2.517,,GBR,01/01/1980,170,41
1206,NORTH SHIELDS,95,55.007,-1.44,,GBR,06/05/2015,170,53
1207,WHITBY,1505,54.49,-0.615,,GBR,06/05/2015,170,56
1208,IMMINGHAM,286,53.63,-0.187,,GBR,06/05/2015,170,61
1209,CROMER,1632,52.934,1.302,,GBR,06/05/2015,170,66
1210,LOWESTOFT,754,52.473,1.75,,GBR,06/05/2015,170,68
1211,FELIXSTOWE,214,51.958,1.347,,GBR,14/05/2012,170,71
1212,HARWICH,742,51.948,1.292,,GBR,06/05/2015,170,73
1213,WALTON ON THE NAZE,1224,51.85,1.267,,GBR,20/02/1991,170,74
1214,SOUTHEND,334,51.517,0.733,,GBR,30/11/1989,170,81
1215,TILBURY,335,51.467,0.367,,GBR,20/02/1991,170,83
1216,SHEERNESS,3,51.446,0.743,,GBR,07/06/2010,170,101
1217,DOVER,255,51.114,1.323,,GBR,09/05/2013,170,111
1218,NEWHAVEN,1548,50.782,0.057,,GBR,06/05/2015,170,119
1219,PORTSMOUTH,350,50.802,-1.111,,GBR,06/05/2015,170,131
1220,BOURNEMOUTH,1878,50.714,-1.875,,GBR,02/07/2014,170,146
1221,WEYMOUTH,1773,50.609,-2.448,,GBR,06/05/2015,170,150
1222,DEVONPORT,982,50.368,-4.185,,GBR,06/05/2015,170,157
1223,NEWLYN,202,50.103,-5.543,241.0,GBR,06/05/2015,170,161
1224,ST. MARYS,1855,49.918,-6.317,,GBR,06/05/2015,170,163
1225,ILFRACOMBE,1214,51.211,-4.112,,GBR,06/05/2015,170,166
1226,HINKLEY POINT,1758,51.211,-3.131,,GBR,06/05/2015,170,168
1227,PORTBURY,2011,51.5,-2.728,,GBR,06/05/2015,170,170
1228,AVONMOUTH,257,51.508,-2.713,,GBR,27/01/2016,170,171
1229,NEWPORT,1832,51.55,-2.987,,GBR,06/05/2015,170,173
1230,SWANSEA,967,51.617,-3.917,,GBR,25/10/1989,170,178
1231,MUMBLES,1732,51.57,-3.975,,GBR,06/05/2015,170,179
1232,MILFORD HAVEN (NEWTON NOYES),66,51.7,-5.017,,GBR,20/02/1987,170,181
1233,MILFORD HAVEN (HAKIN),1700,51.707,-5.052,,GBR,06/05/2015,170,182
1234,FISHGUARD,939,52.013,-4.984,,GBR,18/03/1991,170,183
1235,FISHGUARD II,1731,52.013,-4.984,,GBR,06/05/2015,170,184
1236,BARMOUTH,1771,52.719,-4.045,,GBR,06/05/2015,170,187
1237,HOLYHEAD,5,53.314,-4.62,,GBR,27/01/2016,170,191
1238,LLANDUDNO,1854,53.332,-3.825,,GBR,06/05/2015,170,196
1239,BIRKENHEAD (ALFRED DOCK),765,53.4,-3.017,,GBR,25/06/1992,170,201
1240,LIVERPOOL GEORGES AND PRINCES PIERS,15,53.4,-3.0,,GBR,27/01/2016,170,211
1241,LIVERPOOL (GLADSTONE DOCK),1774,53.45,-3.018,,GBR,06/05/2015,170,214
1242,HEYSHAM,936,54.032,-2.92,,GBR,06/05/2015,170,225
1243,WORKINGTON,1794,54.651,-3.567,,GBR,06/05/2015,170,228
1244,PORTPATRICK,1215,54.843,-5.12,,GBR,02/07/2012,170,236
1245,MILLPORT,755,55.75,-4.906,,GBR,06/05/2015,170,241
1246,ISLAY (PORT ELLEN),1772,55.628,-6.19,,GBR,14/05/2012,170,244
1247,TOBERMORY,1491,56.623,-6.064,,GBR,06/05/2015,170,246
1248,ULLAPOOL,1112,57.895,-5.158,,GBR,27/01/2016,170,249
1249,STORNOWAY,314,58.208,-6.389,238.0,GBR,06/05/2015,170,251
1250,KINLOCHBERVIE,1775,58.457,-5.05,,GBR,06/05/2015,170,255
1251,PORTRUSH,1867,55.207,-6.657,,GBR,06/05/2015,170,261
1252,BELFAST,861,54.6,-5.917,,GBR,01/01/1980,170,271
1253,BELFAST 2,219,54.6,-5.917,,GBR,31/05/1989,170,272
1254,BANGOR,1856,54.665,-5.669,,GBR,06/05/2015,170,281
1255,FRENCH FRIGATE SHOALS,1372,23.867,-166.283,107.0,USA,14/10/2013,760,16
1256,FRENCH FRIGATE SHOALS B,2192,23.868,-166.288,107.0,USA,23/06/2014,760,17
1257,"PORT ALLEN, HANAPEPE BAY, KAUAI ISLAND",2129,21.903,-159.592,,USA,24/01/2012,760,19
1258,"NAWILIWILI BAY, KAUAI ISLAND",756,21.953,-159.355,,USA,28/04/2015,760,21
1259,HONOLULU,155,21.307,-157.867,108.0,USA,28/04/2015,760,31
1260,MOKUOLOE ISLAND,823,21.432,-157.79,,USA,28/04/2015,760,41
1261,"LANAI ISLAND, KAUMALAPAU",2273,20.78,-156.9,,USA,05/01/2016,760,43
1262,"KAHULUI HARBOR, MAUI ISLAND",521,20.895,-156.477,,USA,28/04/2015,760,51
1263,"KAWAIHAE, HAWAII ISLAND",2128,20.037,-155.83,,USA,29/04/2015,760,56
1264,"HILO, HAWAII ISLAND",300,19.73,-155.055,287.0,USA,28/04/2015,760,61
1265,MASSACRE BAY,491,52.833,173.2,,USA,01/01/1980,820,1
1266,ADAK SWEEPER COVE,487,51.863,-176.632,302.0,USA,28/04/2015,820,11
1267,DUTCH HARBOR,390,53.9,-166.533,102.0,USA,01/01/1980,820,20
1268,UNALASKA,757,53.88,-166.537,102.0,USA,28/04/2015,820,21
1269,"PRUDHOE BAY, ALASKA",1857,70.4,-148.527,151.0,USA,29/04/2015,821,2
1270,"NOME, ALASKA",1800,64.5,-165.43,74.0,USA,29/04/2015,821,3
1271,"SAND POINT, POPOF IS., AK",1634,55.337,-160.502,100.0,USA,29/04/2015,821,6
1272,"ST. PAUL'S HARBOR, KODIAK",1179,57.745,-152.482,,USA,06/07/1990,821,9
1273,"KODIAK ISLAND, WOMENS BAY",567,57.732,-152.512,,USA,28/04/2015,821,11
1274,ANCHORAGE,1067,61.238,-149.89,,USA,27/01/2016,821,12
1275,"NIKISKI, ALASKA",1350,60.683,-151.397,,USA,29/04/2015,821,13
1276,SELDOVIA,1070,59.44,-151.72,,USA,18/02/2013,821,15
1277,SEWARD,266,60.12,-149.427,150.0,USA,28/04/2015,821,17
1278,VALDEZ,1353,61.125,-146.362,,USA,29/04/2015,821,19
1279,CORDOVA,566,60.558,-145.752,,USA,28/04/2015,821,20
1280,YAKUTAT,445,59.548,-139.733,,USA,28/04/2015,821,26
1281,SITKA,426,57.052,-135.342,154.0,USA,28/04/2015,821,31
1282,SKAGWAY,495,59.45,-135.327,,USA,28/04/2015,821,41
1283,JUNEAU,405,58.298,-134.412,,USA,28/04/2015,821,44
1284,KETCHIKAN,225,55.332,-131.625,,USA,28/04/2015,821,51
1285,NEAH BAY,385,48.367,-124.612,,USA,28/04/2015,823,1
1286,"PORT ANGELES, WASHINGTON",2127,48.125,-123.44,,USA,29/04/2015,823,3
1287,CHERRY POINT,1633,48.863,-122.757,,USA,29/04/2015,823,5
1288,FRIDAY HARBOR (OCEAN. LABS.),384,48.547,-123.01,,USA,28/04/2015,823,6
1289,"TOKE POINT, WILLIPA BAY, WA",1354,46.707,-123.967,,USA,29/04/2015,823,9
1290,SEATTLE,127,47.602,-122.338,,USA,28/04/2015,823,11
1291,PORT TOWNSEND,1325,48.112,-122.757,,USA,29/04/2015,823,12
1292,ASTORIA (TONGUE POINT),265,46.207,-123.768,,USA,28/04/2015,823,13
1293,GARIBALDI,1285,45.553,-123.918,,USA,22/05/1987,823,14
1294,DEPOE BAY,1541,44.81,-124.057,,USA,27/11/1987,823,15
1295,SOUTH BEACH,1196,44.625,-124.042,157.0,USA,29/04/2015,823,16
1296,GARIBALDI II,2214,45.555,-123.918,,USA,29/04/2015,823,17
1297,CHARLESTON II,1269,43.345,-124.322,,USA,29/04/2015,823,19
1298,PORT ORFORD,1640,42.738,-124.498,,USA,29/04/2015,823,20
1299,CRESCENT CITY,378,41.745,-124.182,,USA,28/04/2015,823,21
1300,"N. SPIT, HUMBOLDT BAY",1639,40.767,-124.217,,USA,29/04/2015,823,24
1301,"ARENA COVE, CALIFORNIA",2125,38.913,-123.707,,USA,29/04/2015,823,26
1302,POINT REYES,1394,37.995,-122.977,,USA,29/04/2015,823,30
1303,SAN FRANCISCO,10,37.807,-122.465,158.0,USA,28/04/2015,823,31
1304,ALAMEDA (NAVAL AIR STATION),437,37.772,-122.298,,USA,28/04/2015,823,32
1305,SAN MATEO,1663,37.583,-122.25,,USA,21/06/1990,823,34
1306,MONTEREY,1352,36.605,-121.887,,USA,29/04/2015,823,36
1307,PORT SAN LUIS,508,35.177,-120.76,,USA,28/04/2015,823,42
1308,RINCON ISLAND,1013,34.348,-119.442,,USA,16/07/1993,823,44
1309,"SANTA BARBARA, CALIFORNIA",2126,34.408,-119.685,,USA,29/04/2015,823,48
1310,SANTA MONICA (MUNICIPAL PIER),377,34.008,-118.5,,USA,28/04/2015,823,49
1311,LOS ANGELES,245,33.72,-118.272,,USA,28/04/2015,823,51
1312,ALAMITOS BAY ENTRANCE,717,33.75,-118.117,,USA,01/01/1980,823,56
1313,NEWPORT BAY,766,33.603,-117.882,,USA,16/07/1993,823,57
1314,SAN CLEMENTE ISLAND,883,33.0,-118.55,,USA,01/01/1980,823,61
1315,LA JOLLA (SCRIPPS PIER),256,32.867,-117.257,159.0,USA,28/04/2015,823,71
1316,SAN DIEGO (QUARANTINE STATION),158,32.713,-117.173,,USA,28/04/2015,823,81
1317,PORT ISABEL,497,26.06,-97.215,,USA,28/04/2015,940,1
1318,PORT MANSFIELD,1038,26.553,-97.422,,USA,29/04/2015,940,2
1319,PADRE ISLAND,919,26.068,-97.152,,USA,16/07/1993,940,3
1320,"PORT ARANSAS, H. CALDWELL PIER",922,27.827,-97.05,,USA,03/06/1987,940,4
1321,ROCKPORT,538,28.022,-97.047,,USA,28/04/2015,940,5
1322,FREEPORT,725,28.948,-95.308,,USA,27/05/2009,940,6
1323,"GALVESTON I, PLEASURE PIER, TX",828,29.285,-94.788,217.0,USA,07/03/2012,940,7
1324,"GALVESTON II, PIER 21, TX",161,29.31,-94.793,217.0,USA,28/04/2015,940,8
1325,SABINE PASS,920,29.705,-93.853,,USA,04/11/1988,940,9
1326,SABINE PASS NORTH,1835,29.728,-93.87,,USA,29/04/2015,940,10
1327,EUGENE ISLAND,440,29.372,-91.385,,USA,26/10/1990,940,11
1328,"CORPUS CHRISTI, GULF MEXICO, TX",1903,27.583,-97.217,,USA,29/04/2015,940,15
1329,GRAND ISLE,526,29.263,-89.957,,USA,28/04/2015,940,21
1330,"WAVELAND, GULF OF MEX., MS",1884,30.282,-89.367,,USA,19/08/2013,940,32
1331,BAY WAVELAND YACHT CLUB,1715,30.325,-89.325,,USA,01/10/1996,940,36
1332,DAUPHIN ISLAND,1156,30.25,-88.075,,USA,29/04/2015,940,37
1333,BAY WAVELAND YACHT CLUB II,2215,30.327,-89.325,,USA,29/04/2015,940,38
1334,PENSACOLA,246,30.403,-87.21,288.0,USA,28/04/2015,940,41
1335,"PANAMA CITY, ST.ANDREWS BAY, FL",1641,30.152,-85.667,,USA,29/04/2015,940,42
1336,APALACHICOLA,1193,29.727,-84.982,,USA,29/04/2015,940,43
1337,TURKEY POINT,1714,29.915,-84.512,,USA,01/10/1996,940,45
1338,ST. MARKS,1136,30.067,-84.183,,USA,01/01/1980,940,47
1339,"SHELL POINT, WALKER CREEK",1670,30.06,-84.29,,USA,05/07/1990,940,49
1340,CEDAR KEY I,199,29.133,-83.033,,USA,01/01/1980,940,51
1341,CEDAR KEY II,428,29.135,-83.032,,USA,28/04/2015,940,52
1342,CLEARWATER BEACH,1638,27.978,-82.832,,USA,29/04/2015,940,60
1343,ST. PETERSBURG,520,27.76,-82.627,,USA,28/04/2015,940,61
1344,FORT MYERS,1106,26.647,-81.87,,USA,29/04/2015,940,65
1345,NAPLES,1107,26.132,-81.807,,USA,29/04/2015,940,66
1346,KEY WEST,188,24.555,-81.807,216.0,USA,28/04/2015,940,71
1347,VACA KEY,1701,24.712,-81.105,,USA,29/04/2015,940,89
1348,MARATHON SHORES,1187,24.733,-81.033,,USA,01/01/1980,940,91
1349,KEY COLONY BEACH,1424,24.718,-81.017,,USA,06/03/2000,940,92
1350,MIAMI BEACH,363,25.768,-80.132,,USA,05/10/1987,960,1
1351,HAULOVER PIER,1717,25.903,-80.12,,USA,24/11/1994,960,2
1352,LAKE WORTH PIER,1696,26.612,-80.033,,USA,21/06/1990,960,4
1353,PALM BEACH,1669,26.7,-80.05,,USA,05/07/1990,960,5
1354,DAYTONA BEACH,270,29.233,-81.0,,USA,01/01/1980,960,6
1355,DAYTONA BEACH SHORES,1182,29.147,-80.963,,USA,05/10/1987,960,7
1356,"VIRGINIA KEY, FL",1858,25.73,-80.162,332.0,USA,29/04/2015,960,8
1357,MAYPORT,316,30.393,-81.432,,USA,01/06/2001,960,11
1358,JACKSONVILLE,716,30.35,-81.617,,USA,01/01/1980,960,12
1359,"TRIDENT PIER, PORT CANAVERAL",2123,28.415,-80.592,,USA,29/04/2015,960,15
1360,FERNANDINA BEACH,112,30.672,-81.465,,USA,28/04/2015,960,21
1361,FORT PULASKI,395,32.033,-80.902,289.0,USA,28/04/2015,960,31
1362,BEAUFORT,1537,32.433,-80.667,,USA,04/11/1988,960,36
1363,CHARLESTON I,234,32.782,-79.925,,USA,28/04/2015,960,41
1364,GENERAL DYNAMICS PIER,1721,33.017,-79.917,,USA,16/07/1993,960,42
1365,"SOUTH ISLAND PLANTATION, WINYAH BAY",1651,33.235,-79.203,,USA,01/10/1996,960,44
1366,"BUCKSPORT, WACCAMAW R.",1720,33.647,-79.095,,USA,16/07/1993,960,48
1367,SPRINGMAID PIER,1444,33.655,-78.918,,USA,29/04/2015,960,50
1368,MYRTLE BEACH,862,33.683,-78.885,,USA,01/01/1980,960,51
1369,SOUTHPORT,1431,33.915,-78.018,,USA,22/06/1990,960,56
1370,WILMINGTON,396,34.227,-77.953,,USA,28/04/2015,960,60
1371,MOREHEAD CITY,719,34.717,-76.733,,USA,01/01/1980,960,62
1372,DUCK PIER OUTSIDE,1636,36.183,-75.747,219.0,USA,29/04/2015,960,63
1373,VIRGINIA BEACH,945,36.85,-75.967,,USA,01/01/1980,960,64
1374,PORTSMOUTH (NORFOLK NAVY YARD),399,36.822,-76.293,,USA,26/06/1990,960,65
1375,RICHMOND,462,37.567,-77.45,,USA,01/01/1980,960,68
1376,CHESAPEAKE BAY BR. TUN.,1635,36.967,-76.113,,USA,29/04/2015,960,70
1377,"SEWELLS POINT, HAMPTON ROADS",299,36.947,-76.33,,USA,28/04/2015,960,71
1378,GLOUCESTER POINT,597,37.247,-76.5,,USA,26/01/2005,960,72
1379,CAMBRIDGE II,1295,38.573,-76.068,,USA,29/04/2015,960,73
1380,CAMBRIDGE,481,38.575,-76.072,,USA,01/01/1980,960,74
1381,WASHINGTON DC,360,38.873,-77.022,,USA,28/04/2015,960,76
1382,PINEY POINT,971,38.133,-76.533,,USA,01/01/1980,960,77
1383,SOLOMON'S ISLAND (BIOL. LAB.),412,38.317,-76.452,,USA,28/04/2015,960,78
1384,GINGERVILLE CREEK,1203,38.958,-76.555,,USA,01/01/1980,960,79
1385,ANNAPOLIS (NAVAL ACADEMY),311,38.983,-76.48,,USA,28/04/2015,960,80
1386,BALTIMORE,148,39.267,-76.578,,USA,28/04/2015,960,81
1387,MATAPEAKE,1338,38.957,-76.355,,USA,02/10/1987,960,82
1388,KIPTOPEKE BEACH,636,37.165,-75.988,,USA,28/04/2015,960,83
1389,INDIAN RIVER INLET,1337,38.61,-75.07,,USA,02/10/1987,960,84
1390,LEWES (BREAKWATER HARBOR),224,38.782,-75.12,,USA,28/04/2015,960,85
1391,PHILADELPHIA (PIER 9N),135,39.933,-75.142,,USA,28/04/2015,960,87
1392,TRENTON,1654,40.188,-74.755,,USA,16/07/1993,960,88
1393,REEDY POINT,786,39.558,-75.573,,USA,28/04/2015,960,89
1394,CAPE MAY,1153,38.968,-74.96,,USA,29/04/2015,960,90
1395,ATLANTIC CITY,180,39.355,-74.418,220.0,USA,28/04/2015,960,91
1396,SANDY HOOK,366,40.467,-74.008,,USA,28/04/2015,960,101
1397,NEW YORK ( THE BATTERY),12,40.7,-74.013,,USA,28/04/2015,960,121
1398,"BERGEN POINT, STATEN IS.",1637,40.637,-74.142,,USA,29/04/2015,960,132
1399,MONTAUK,519,41.048,-71.96,,USA,28/04/2015,960,135
1400,PLUM ISLAND,875,41.167,-72.2,,USA,01/01/1980,960,136
1401,PORT JEFFERSON,848,40.95,-73.077,,USA,16/07/1993,960,138
1402,WILLETS POINT,362,40.793,-73.782,,USA,01/06/2001,960,141
1403,NEW ROCHELLE,856,40.893,-73.782,,USA,05/06/1987,960,143
1404,BRIDGEPORT,1068,41.173,-73.182,,USA,29/04/2015,960,147
1405,NEW LONDON,429,41.36,-72.09,,USA,28/04/2015,960,151
1406,PROVIDENCE (STATE PIER),430,41.807,-71.4,,USA,28/04/2015,960,158
1407,NEWPORT,351,41.505,-71.327,290.0,USA,28/04/2015,960,161
1408,BUZZARDS BAY,776,41.742,-70.617,,USA,01/01/1980,960,163
1409,WOODS HOLE (OCEAN. INST.),367,41.523,-70.672,,USA,28/04/2015,960,165
1410,NANTUCKET ISLAND,1111,41.285,-70.097,,USA,29/04/2015,960,166
1411,"SANDWICH MARINA, CAPE COD CANAL ENTRANCE",775,41.767,-70.5,,USA,01/01/1980,960,168
1412,BOSTON,235,42.353,-71.053,,USA,28/04/2015,960,171
1413,SEAVEY ISLAND,288,43.08,-70.742,,USA,26/10/1990,960,177
1414,PORTLAND (MAINE),183,43.657,-70.247,,USA,28/04/2015,960,181
1415,ROCKLAND,1279,44.105,-69.102,,USA,22/06/1990,960,186
1416,"BAR HARBOR, FRENCHMAN BAY, ME",525,44.392,-68.205,,USA,28/04/2015,960,191
1417,CUTLER II,1524,44.642,-67.297,,USA,23/06/2011,960,196
1418,CUTLER,1081,44.65,-67.217,,USA,01/01/1980,960,197
1419,EASTPORT,332,44.903,-66.982,,USA,28/04/2015,960,201
1420,MIDWAY ISLAND,523,28.212,-177.36,106.0,UMI,28/04/2015,760,1
1421,JOHNSTON ISLAND,598,16.738,-169.53,109.0,UMI,26/01/2005,760,11
1422,COLONIA,433,-34.483,-57.85,,URY,23/05/1996,870,1
1423,MONTEVIDEO (PUNTA LOBOS),431,-34.9,-56.25,300.0,URY,02/02/2016,870,11
1424,PUNTA DEL ESTE,434,-34.967,-54.95,,URY,23/05/1996,870,21
1425,LA PALOMA,764,-34.65,-54.15,,URY,03/12/2012,870,31
1426,PORT VILA B,1841,-17.755,168.308,348.0,VUT,19/05/2015,741,2
1427,PUERTO DE HIERRO,782,10.617,-62.083,,VEN,01/01/1980,900,1
1428,GUIRIA,1053,10.567,-62.283,,VEN,20/04/2001,900,6
1429,VUNGTAU,1495,10.333,107.067,,VNM,17/11/2015,605,21
1430,VUNG TAU II,2268,10.34,107.072,,VNM,04/11/2015,605,22
1431,QUINHON,1449,13.767,109.25,75.0,VNM,17/11/2015,605,41
1432,QUI NHON II,2267,13.775,109.255,75.0,VNM,04/11/2015,605,42
1433,DANANG,1475,16.1,108.217,,VNM,17/11/2015,605,51
1434,HONNGU,1003,18.8,105.767,,VNM,17/11/2015,605,61
1435,HONDAU,841,20.667,106.8,,VNM,17/11/2015,605,81
1436,CHARLOTTE AMALIE,1393,18.335,-64.92,,VIR,29/04/2015,939,1
1437,"LIME TREE BAY, ST CROIX",1447,17.693,-64.753,,VIR,29/04/2015,939,11
1438,CHRISTIANSTED HARBOUR,2118,17.75,-64.705,,VIR,29/04/2015,939,15
1439,LAMESHUR BAY,2119,18.317,-64.723,,VIR,29/04/2015,939,21
1440,ADEN,44,12.788,44.974,3.0,YEM,01/02/2016,485,1
