date,northern_hem,southern_hem,mean_global
1992.9323,13.717,2.517,
1992.9595,1.328,-7.645,-5.818
1992.9866,-13.375,-2.267,-7.525
1993.0138,-24.723,0.855,-9.215
1993.0409,-29.231,-2.02,-11.796
1993.0681,-32.538,-0.398,-11.291
1993.0952,-35.588,4.102,-9.569
1993.1223,-26.579,6.787,-3.714
1993.1495,-29.622,10.315,-2.471
1993.1766,-34.527,5.919,-6.784
1993.2038,-34.25,7.193,-5.772
1993.2309,-28.518,7.789,-2.853
1993.2581,-30.437,-5.459,
1993.2852,-21.371,4.506,-1.943
1993.3124,-19.196,5.602,-0.293
1993.3395,-23.758,0.205,-5.296
1993.3667,-23.628,-3.31,-7.317
1993.3938,-17.808,-5.484,-6.346
1993.421,-10.085,-2.518,-1.62
1993.4481,-2.12,-3.966,0.416
1993.4753,-1.728,-6.77,-1.503
1993.5024,-4.942,-8.108,-4.163
1993.5296,5.074,-14.697,-4.853
1993.5567,0.386,-15.249,
1993.5839,22.555,-19.434,-2.577
1993.611,22.201,-17.15,-2.444
1993.6382,29.06,-19.87,-2.335
1993.6653,23.325,-20.546,-6.265
1993.6925,16.635,-16.346,-7.356
1993.7196,21.488,-17.36,-6.358
1993.7468,32.827,-14.226,-0.77
1993.7739,34.992,-10.872,1.805
1993.801,30.541,-14.024,-1.886
1993.8282,18.24,-14.008,
1993.8553,8.044,-9.115,-7.186
1993.8825,10.529,-7.718,-4.588
1993.9096,10.772,-6.169,-2.648
1993.9368,10.732,-4.656,-0.795
1993.9639,1.704,3.492,1.461
1993.9911,-8.579,-0.251,-3.859
1994.0182,-14.764,-1.078,-5.904
1994.0454,-12.663,3.887,-1.261
1994.0725,-19.485,13.173,2.404
1994.0997,-23.443,8.984,-1.173
1994.1268,-31.32,4.399,-6.507
1994.154,-37.411,1.308,-10.638
1994.1811,-35.844,13.495,-2.544
1994.2083,-20.794,10.22,
1994.2354,-29.478,15.807,1.699
1994.2626,-24.542,10.829,0.824
1994.2897,-29.375,10.743,-1.043
1994.3169,-26.85,1.403,-5.562
1994.344,-25.8,2.629,-4.376
1994.3712,-18.381,2.42,-1.532
1994.3983,-17.143,-1.69,-3.553
1994.4255,-13.169,-1.809,-2.147
1994.4526,-12.817,-3.438,-3.283
1994.4798,-14.908,-11.829,
1994.5069,-2.614,-13.075,-6.102
1994.534,5.727,-9.505,-1.283
1994.5612,11.448,-8.981,0.386
1994.5883,8.972,-8.773,-1.522
1994.6155,10.802,-18.4,-7.664
1994.6426,13.665,-19.2,-8.044
1994.6698,20.258,-22.143,-8.182
1994.6969,34.426,-17.47,-0.322
1994.7241,35.109,-17.129,-0.764
1994.7512,24.421,-15.012,-4.568
1994.7784,25.116,-16.181,-5.281
1994.8055,18.954,-10.939,-4.447
1994.8327,14.186,-10.363,-5.614
1994.8598,19.882,4.403,
1994.887,16.49,-10.154,-3.24
1994.9141,-0.195,-12.189,-10.229
1994.9413,-0.438,-9.834,-7.929
1994.9684,-6.651,-2.703,-5.132
1994.9956,-12.734,7.809,-0.212
1995.0227,-16.869,13.406,2.458
1995.0499,-16.734,11.835,2.365
1995.077,-24.215,17.897,3.806
1995.1042,-32.395,10.742,-3.379
1995.1313,-37.79,4.341,-8.843
1995.1585,-30.054,11.276,-1.374
1995.1856,-18.882,24.336,
1995.2128,-29.813,21.872,5.367
1995.2399,-30.159,8.241,-2.756
1995.267,-31.591,6.452,-4.33
1995.2942,-28.16,1.431,-5.885
1995.3213,-16.628,1.531,-1.166
1995.3485,-18.468,4.119,
1995.3756,-15.211,-0.162,-1.544
1995.4028,-12.198,-1.114,-0.936
1995.4299,-17.616,1.749,-1.559
1995.4571,-9.138,-7.157,-3.805
1995.4842,-4.681,-6.75,-2.239
1995.5114,5.051,7.931,
1995.5385,8.199,-9.703,-0.312
1995.5657,9.457,-13.271,-2.837
1995.5928,3.64,-13.448,-6.275
1995.62,12.035,-18.362,-6.978
1995.6471,21.737,-19.281,-4.627
1995.6743,26.13,-11.715,0.555
1995.7014,34.952,-13.792,1.799
1995.7286,32.891,-11.216,2.079
1995.7557,26.196,-16.096,-4.116
1995.7829,26.565,-18.685,-5.58
1995.81,18.206,-11.709,
1995.8372,20.199,-7.319,-1.007
1995.8643,22.797,-8.014,0.257
1995.8915,20.865,-10.144,-0.928
1995.9458,3.133,-10.152,-6.178
1995.9729,3.723,4.05,3.549
1996.0,-8.298,8.021,2.121
1996.0272,-15.226,4.369,-1.907
1996.0543,-19.351,0.676,-5.008
1996.0815,-27.781,1.914,-6.979
1996.1086,-32.942,8.965,-4.363
1996.1358,-26.88,14.64,
1996.1629,-25.254,18.665,5.333
1996.1901,-31.981,14.792,0.404
1996.2172,-31.199,13.216,-0.115
1996.2444,-37.867,14.188,-1.889
1996.2715,-34.202,10.06,-2.813
1996.2987,-20.903,8.3,1.439
1996.3258,-12.289,7.807,4.639
1996.353,-12.586,4.897,2.876
1996.3801,-12.891,0.098,-0.125
1996.4073,-13.617,-0.094,-0.63
1996.4344,-7.525,-1.07,1.051
1996.4616,-10.684,-1.051,
1996.4887,-0.323,6.226,7.51
1996.5159,4.036,-0.079,4.802
1996.543,15.21,-9.219,2.974
1996.5702,19.634,-13.266,1.43
1996.5973,15.832,-8.008,1.92
1996.6245,19.091,-8.513,1.791
1996.6516,27.47,-10.305,2.903
1996.6788,33.489,-14.892,1.62
1996.7059,33.247,-16.504,-0.306
1996.733,30.114,-16.698,-1.936
1996.7602,28.349,-13.09,-1.189
1996.7873,16.485,-16.277,
1996.8145,23.172,-7.566,0.035
1996.8416,27.836,-5.89,3.471
1996.8688,25.333,-9.022,1.228
1996.8959,8.147,-5.264,-2.764
1996.9231,6.546,-0.403,0.452
1996.9502,3.238,7.443,4.804
1996.9774,0.742,5.352,3.602
1997.0045,-6.439,5.169,1.636
1997.0317,-11.603,3.083,-0.803
1997.0588,-27.445,5.189,-5.01
1997.086,-24.603,12.049,0.989
1997.1131,-32.545,2.174,
1997.1403,-22.992,13.187,3.083
1997.1674,-21.15,9.064,1.468
1997.1946,-28.745,8.237,-1.823
1997.2217,-35.628,13.616,-1.142
1997.2489,-27.859,14.814,2.696
1997.276,-24.75,20.021,7.35
1997.3032,-30.654,17.929,3.831
1997.3303,-21.445,10.111,2.789
1997.3575,-12.061,10.813,6.987
1997.3846,-8.699,0.556,2.104
1997.4118,-0.627,4.637,7.687
1997.4389,-9.468,9.693,
1997.466,-1.646,12.133,11.306
1997.4932,1.674,8.853,10.143
1997.5203,5.741,3.416,7.763
1997.5475,15.732,-0.795,8.381
1997.5746,25.508,-1.209,11.114
1997.6018,14.411,-3.898,
1997.6289,31.447,-1.608,11.136
1997.6561,32.509,2.447,12.88
1997.6832,31.207,1.208,10.474
1997.7104,30.599,2.145,9.965
1997.7375,40.085,6.095,15.483
1997.7647,34.233,6.195,
1997.7918,41.54,4.793,14.829
1997.819,33.572,6.671,12.947
1997.8461,23.61,10.016,11.46
1997.8733,10.445,13.478,8.891
1997.9004,12.106,14.756,11.173
1997.9276,11.524,19.435,14.685
1997.9547,4.187,16.53,11.068
1997.9819,-7.182,21.664,10.593
1998.009,-18.303,17.642,4.736
1998.0362,-12.483,18.718,8.719
1998.0633,-25.377,9.945,
1998.0905,-15.267,27.836,14.428
1998.1176,-14.355,25.288,13.615
1998.1448,-20.614,24.298,10.997
1998.1719,-21.86,18.501,7.134
1998.199,-21.656,23.332,10.277
1998.2262,-21.992,26.717,12.14
1998.2533,-7.781,25.417,17.386
1998.2805,-9.873,27.904,18.053
1998.3076,-10.204,18.879,12.608
1998.3348,-7.375,18.115,13.387
1998.3619,-0.573,8.946,10.641
1998.3891,-7.327,2.725,
1998.4162,11.136,3.61,12.022
1998.4434,10.782,4.92,12.486
1998.4705,17.025,-5.793,8.23
1998.4977,13.533,-5.163,6.613
1998.5248,18.027,-6.117,7.175
1998.552,27.76,-10.043,7.832
1998.5791,20.699,-16.702,
1998.6063,35.077,-12.093,7.429
1998.6334,34.276,-14.393,4.628
1998.6606,37.124,-12.098,6.161
1998.6877,38.218,-10.597,6.572
1998.7149,47.391,-11.156,9.135
1998.742,47.335,-7.067,10.886
1998.7692,49.156,-8.051,10.819
1998.7963,24.604,-28.239,
1998.8235,40.522,-9.477,6.725
1998.8506,36.535,-6.496,7.464
1998.8777,37.038,1.925,13.388
1998.9049,25.888,-1.569,7.522
1998.932,30.483,9.042,16.727
1998.9592,12.372,9.913,10.897
1998.9863,6.869,4.941,6.738
1999.0135,-3.83,13.669,8.833
1999.0406,-2.387,21.23,14.662
1999.0678,-21.709,2.566,
1999.0949,-5.048,13.182,10.119
1999.1221,-17.53,20.97,10.08
1999.1492,-18.436,16.705,7.655
1999.1764,-19.66,22.345,10.832
1999.2035,-13.171,20.341,12.249
1999.2307,-2.522,18.491,15.567
1999.2578,-9.011,16.774,12.034
1999.285,-14.767,16.201,9.455
1999.3121,-11.902,9.613,
1999.3393,-7.692,12.865,10.557
1999.3664,-5.571,15.231,12.817
1999.3936,-2.21,10.876,11.509
1999.4207,5.471,9.597,13.632
1999.4479,7.888,-1.928,7.451
1999.475,1.762,0.479,6.045
1999.5022,7.356,2.596,8.994
1999.5293,16.097,7.529,14.714
1999.5565,28.177,2.54,15.808
1999.5836,25.409,1.296,12.903
1999.6107,26.729,-6.06,7.913
1999.6379,34.688,-2.57,12.055
1999.665,13.19,-12.848,
1999.6922,37.555,0.112,12.766
1999.7193,43.364,2.8,16.138
1999.7465,46.02,-1.025,14.211
1999.7736,45.024,1.655,15.214
1999.8008,34.355,2.509,11.388
1999.8279,34.834,5.045,13.432
1999.8551,42.485,4.787,16.967
1999.8822,36.612,5.828,15.993
1999.9094,28.903,5.765,13.563
1999.9365,7.769,7.551,
1999.9637,7.359,17.264,13.728
1999.9908,3.449,24.124,17.333
2000.018,10.176,18.375,17.533
2000.0451,6.061,20.247,17.858
2000.0723,-6.104,24.273,16.159
2000.0994,-21.263,24.218,10.783
2000.1266,-15.703,21.589,11.807
2000.1537,-9.047,26.78,17.805
2000.1809,-10.735,29.419,18.971
2000.208,-9.286,27.323,18.474
2000.2352,-10.675,30.058,19.584
2000.2623,-38.377,8.766,
2000.2895,-12.022,22.18,14.591
2000.3166,-1.942,16.753,15.361
2000.3437,-3.78,16.282,14.467
2000.3709,-0.688,16.3,15.69
2000.398,-0.778,14.473,14.432
2000.4252,2.142,8.272,11.765
2000.4523,9.986,1.154,10.384
2000.4795,15.624,3.729,13.753
2000.5066,18.699,5.589,15.515
2000.5338,28.669,3.24,17.424
2000.5609,10.126,-1.861,
2000.5881,22.151,-4.431,8.096
2000.6152,32.606,0.537,14.304
2000.6424,46.311,-0.89,17.959
2000.6695,45.965,-1.637,16.323
2000.6967,48.263,-2.144,15.974
2000.7238,46.71,4.045,18.147
2000.751,43.986,5.511,17.564
2000.7781,40.762,9.161,18.291
2000.8053,43.405,9.175,19.382
2000.8324,42.48,3.772,
2000.8596,43.878,10.708,21.424
2000.8867,30.982,11.342,17.268
2000.9139,29.436,11.797,17.882
2000.941,15.358,14.999,15.043
2000.9682,17.786,15.89,17.602
2000.9953,19.537,20.462,22.057
2001.0225,7.732,19.694,17.812
2001.0496,-1.064,9.399,
2001.0767,-13.165,26.607,15.095
2001.1039,-6.459,27.718,19.007
2001.131,-1.461,25.099,19.868
2001.1582,-1.053,31.46,24.128
2001.1853,-5.181,34.418,24.451
2001.2125,-15.876,30.493,18.088
2001.2396,-19.532,34.567,19.188
2001.2668,-15.373,33.145,20.069
2001.2939,-5.92,34.308,24.568
2001.3211,-1.236,30.182,24.107
2001.3482,3.623,21.251,20.584
2001.3754,1.9,18.921,18.573
2001.4025,-3.041,18.338,16.302
2001.4297,1.339,18.524,17.931
2001.4568,10.404,17.508,20.625
2001.484,22.926,18.056,25.515
2001.5111,27.974,16.512,25.982
2001.5383,23.639,16.415,23.402
2001.5654,26.348,5.943,17.347
2001.5926,40.302,7.721,22.949
2001.6197,43.268,7.738,23.084
2001.6469,47.33,7.659,23.577
2001.674,47.14,8.346,22.807
2001.7012,51.144,6.328,22.099
2001.7283,51.835,7.397,22.52
2001.7555,45.271,16.798,25.106
2001.7826,52.111,10.792,24.209
2001.8097,51.379,8.698,22.653
2001.8369,50.977,14.05,26.002
2001.864,37.447,17.758,23.384
2001.8912,25.848,20.314,20.948
2001.9183,19.967,22.864,21.027
2001.9455,26.199,18.393,21.93
2001.9726,17.269,26.257,24.021
2001.9998,10.626,30.408,24.842
2002.0269,-4.812,28.283,18.262
2002.0541,-5.577,30.166,19.437
2002.0812,-3.769,38.49,26.85
2002.1084,2.032,38.583,29.728
2002.1355,1.644,36.029,28.163
2002.1627,-8.796,38.791,23.377
2002.1898,-19.634,35.139,17.886
2002.217,-15.731,35.783,20.958
2002.2441,-13.047,35.985,23.229
2002.2713,-4.569,38.838,29.337
2002.2984,-4.111,33.066,25.849
2002.3256,0.697,31.032,25.445
2002.3527,-2.776,25.542,20.442
2002.3799,5.14,22.306,23.053
2002.407,8.883,25.652,25.892
2002.4342,10.481,26.22,26.055
2002.4613,13.388,20.872,22.98
2002.4885,24.445,19.391,26.399
2002.5156,29.825,13.263,25.625
2002.5427,38.18,9.119,26.132
2002.5699,45.265,11.509,29.753
2002.597,39.997,21.396,33.154
2002.6242,47.539,21.462,33.147
2002.6513,44.088,14.531,26.555
2002.6785,48.779,6.754,22.951
2002.7056,49.992,11.272,25.199
2002.7328,49.268,22.758,31.04
2002.7599,46.387,22.492,29.237
2002.7871,58.563,16.982,30.754
2002.8142,56.392,18.809,31.08
2002.8414,43.217,14.71,23.692
2002.8685,36.53,21.482,25.621
2002.8957,37.029,33.326,33.671
2002.9228,32.933,28.857,30.318
2002.95,30.865,26.055,28.853
2002.9771,15.771,31.447,26.97
2003.0043,5.963,31.473,24.113
2003.0314,2.851,31.508,23.798
2003.0586,4.805,43.326,32.515
2003.0857,11.383,41.987,34.928
2003.1129,3.465,45.671,34.526
2003.14,-7.422,34.322,23.71
2003.1672,-7.073,37.813,26.165
2003.1943,-6.972,41.401,28.678
2003.2214,-0.95,42.767,31.908
2003.2486,0.757,42.528,32.651
2003.2757,5.173,31.983,28.081
2003.3029,1.807,31.543,26.508
2003.33,-3.476,34.622,26.31
2003.3572,5.33,29.041,26.516
2003.3843,16.361,28.524,30.633
2003.4115,18.159,29.47,31.851
2003.4386,11.401,23.354,25.296
2003.4658,16.131,21.25,25.593
2003.4929,19.938,17.002,24.105
2003.5201,33.804,12.104,26.122
2003.5472,44.728,15.44,31.738
2003.5744,46.626,15.033,31.294
2003.6015,53.632,8.822,29.385
2003.6287,48.211,4.09,23.233
2003.6558,50.558,7.598,25.224
2003.683,58.775,14.408,31.667
2003.7101,63.309,13.092,31.825
2003.7373,61.923,12.535,30.326
2003.7644,59.028,15.154,30.362
2003.7916,56.984,9.884,26.229
2003.8187,51.042,15.27,27.206
2003.8459,47.689,17.865,27.779
2003.873,50.523,19.48,30.516
2003.9002,38.028,23.465,
2003.9273,38.324,24.332,30.318
2003.9544,28.413,23.719,26.939
2003.9816,20.909,24.111,25.179
2004.0087,15.141,35.164,30.448
2004.0359,15.516,42.777,36.011
2004.063,9.291,45.368,35.822
2004.0902,0.779,43.484,31.936
2004.1173,-8.565,29.311,20.438
2004.1445,4.549,38.408,31.004
2004.1716,4.706,37.54,31.054
2004.1988,8.429,40.072,34.182
2004.2259,12.426,35.653,33.227
2004.2531,2.975,38.583,31.335
2004.2802,0.37,35.383,28.537
2004.3074,6.958,40.816,34.477
2004.3345,7.965,30.827,28.914
2004.3617,13.482,30.384,30.894
2004.3888,20.431,21.526,28.389
2004.416,23.063,18.25,27.405
2004.4431,24.736,15.42,26.178
2004.4703,30.139,17.581,29.34
2004.4974,35.588,26.195,36.104
2004.5246,40.835,25.021,36.805
2004.5517,43.181,19.062,33.349
2004.5789,40.382,15.414,29.085
2004.606,47.351,14.141,30.213
2004.6332,50.221,17.089,31.944
2004.6603,52.888,20.378,33.914
2004.6874,57.822,26.968,38.795
2004.7146,60.483,26.9,39.054
2004.7417,55.164,15.199,29.323
2004.7689,57.266,16.993,30.992
2004.796,59.767,14.801,30.72
2004.8232,49.215,25.103,32.614
2004.8503,52.121,27.575,35.76
2004.8775,55.696,23.664,35.617
2004.9046,39.797,22.644,29.439
2004.9318,33.859,26.647,30.321
2004.9589,28.07,34.103,33.447
2004.9861,30.828,45.432,42.391
2005.0132,13.266,44.864,36.016
2005.0404,8.487,41.739,33.156
2005.0675,5.659,42.85,33.256
2005.0947,1.446,42.562,32.125
2005.1218,3.81,44.824,34.871
2005.149,2.986,50.571,38.288
2005.1761,11.661,53.613,43.796
2005.2033,5.552,53.487,41.497
2005.2304,-6.985,42.146,29.76
2005.2576,-3.443,40.874,30.494
2005.2847,7.433,47.702,39.011
2005.3119,8.286,41.365,35.667
2005.339,10.875,42.424,37.437
2005.3662,12.824,42.856,38.432
2005.3933,11.818,37.981,35.057
2005.4204,17.714,32.369,33.977
2005.4476,22.367,32.789,35.846
2005.4747,37.402,30.72,40.287
2005.5019,42.307,28.307,40.27
2005.529,45.933,23.845,38.372
2005.5562,45.388,18.277,33.976
2005.5833,50.071,22.495,37.386
2005.6105,47.851,21.143,34.531
2005.6376,50.722,24.336,36.513
2005.6648,56.934,28.251,40.327
2005.6919,61.237,20.137,36.438
2005.7191,59.865,17.203,
2005.7462,58.491,15.137,
2005.7734,60.134,24.186,36.75
2005.8005,59.212,27.535,38.238
2005.8277,60.64,26.807,38.673
2005.8548,62.702,27.678,40.573
2005.882,56.17,29.275,39.607
2005.9091,42.528,36.391,39.121
2005.9363,37.889,36.448,38.252
2005.9634,31.711,46.602,42.833
2005.9906,28.838,45.449,42.022
2006.0177,15.208,40.995,34.92
2006.0449,9.615,40.183,33.051
2006.072,11.103,42.116,35.496
2006.0992,12.648,43.33,37.377
2006.1263,1.121,54.38,39.798
2006.1534,4.234,50.949,39.271
2006.1806,3.625,51.639,39.79
2006.2077,-2.376,41.009,31.129
2006.2349,-5.447,44.828,32.347
2006.262,4.452,46.224,37.19
2006.2892,7.667,47.469,39.284
2006.3163,6.543,42.87,36.098
2006.3435,11.199,35.926,33.924
2006.3706,16.931,36.277,36.485
2006.3978,20.625,39.078,39.56
2006.4249,21.501,35.634,37.747
2006.4521,23.698,40.288,41.102
2006.4792,38.327,33.714,42.66
2006.5064,41.837,27.619,39.918
2006.5335,36.609,28.006,37.245
2006.5607,41.297,29.984,39.414
2006.5878,52.727,28.399,42.133
2006.615,54.3,22.819,38.332
2006.6421,51.581,28.765,39.661
2006.6693,55.449,25.839,38.412
2006.6964,51.624,28.783,37.625
2006.7236,64.053,22.598,38.5
2006.7507,69.985,22.53,40.421
2006.7779,72.515,25.209,42.603
2006.805,60.166,34.091,42.843
2006.8321,53.757,35.536,
2006.8864,39.182,40.578,39.739
2006.9136,35.415,38.551,37.942
2006.9407,38.152,47.284,45.26
2006.9679,34.626,42.577,42.091
2006.995,22.585,39.894,36.713
2007.0222,14.02,39.105,33.873
2007.0493,6.764,39.398,31.887
2007.0765,12.67,47.309,39.598
2007.1036,7.893,50.473,40.276
2007.1308,2.065,50.542,38.291
2007.1579,1.877,52.641,39.852
2007.1851,-2.946,45.414,33.755
2007.2122,-4.152,47.918,34.891
2007.2394,6.2,49.866,40.301
2007.2665,10.571,54.91,45.194
2007.2937,11.172,48.924,41.928
2007.3208,8.119,43.785,37.635
2007.348,9.359,33.148,31.741
2007.3751,17.399,37.391,37.606
2007.4023,25.725,38.644,41.65
2007.4294,19.062,42.876,41.351
2007.4566,24.408,37.422,39.923
2007.4837,28.288,30.634,36.987
2007.5109,33.495,23.496,34.24
2007.538,35.303,26.849,36.178
2007.5651,43.011,25.914,37.813
2007.5923,51.312,24.547,39.362
2007.6194,50.675,27.695,39.872
2007.6466,48.931,19.628,33.321
2007.6737,54.55,12.815,30.456
2007.7009,61.751,16.989,35.094
2007.728,68.759,21.463,39.917
2007.7552,74.583,20.413,41.151
2007.7823,65.903,22.202,38.395
2007.8095,59.06,22.833,36.094
2007.8366,51.554,24.945,34.622
2007.8638,47.467,36.165,40.161
2007.8909,51.27,40.482,45.064
2007.9181,43.922,41.457,43.596
2007.9452,38.697,40.18,41.739
2007.9724,28.495,31.595,33.547
2007.9995,21.967,34.136,33.442
2008.0267,21.058,40.662,37.931
2008.0538,19.814,49.348,43.468
2008.081,21.366,46.67,43.161
2008.1081,9.819,39.811,35.051
2008.1353,3.636,45.203,36.126
2008.1624,-1.445,45.221,34.481
2008.1896,0.857,52.063,39.613
2008.2167,5.715,53.753,42.747
2008.2439,7.129,52.485,42.549
2008.271,10.295,45.064,39.433
2008.2981,3.306,47.859,38.319
2008.3253,8.292,38.383,34.752
2008.3524,14.551,41.99,
2008.3796,27.867,46.794,47.734
2008.4067,23.462,48.656,47.018
2008.4339,29.221,40.388,44.178
2008.461,31.451,36.73,42.586
2008.4882,37.672,35.143,43.68
2008.5153,42.185,34.59,44.524
2008.5425,47.825,34.749,46.044
2008.5696,53.817,29.494,44.467
2008.5968,51.235,26.844,40.789
2008.6239,49.327,28.779,40.058
2008.6511,53.767,25.983,39.111
2008.6782,63.976,25.531,41.943
2008.7054,67.371,24.139,41.668
2008.7325,71.677,25.347,43.518
2008.7597,66.247,27.206,41.847
2008.7868,62.449,26.224,39.684
2008.814,58.994,31.039,41.257
2008.8411,57.145,34.752,43.062
2008.8683,57.446,38.421,46.017
2008.8954,51.724,37.105,43.723
2008.9226,47.52,40.971,45.242
2008.9497,35.003,40.331,40.793
2008.9769,27.86,42.238,40.079
2009.004,23.942,45.255,41.273
2009.0311,20.181,52.552,44.988
2009.0583,19.316,54.624,46.683
2009.0854,9.433,48.872,39.889
2009.1126,4.119,46.818,36.979
2009.1397,3.346,57.28,43.305
2009.1669,8.681,59.119,46.849
2009.194,11.278,59.213,48.0
2009.2212,9.295,59.972,47.918
2009.2483,8.756,54.151,44.342
2009.2755,8.272,50.359,41.895
2009.3026,14.292,48.927,43.576
2009.3298,19.454,51.543,47.313
2009.3569,23.876,54.115,50.822
2009.3841,24.064,44.48,45.042
2009.4112,21.282,38.813,40.468
2009.4384,24.843,40.954,43.004
2009.4655,34.334,38.737,45.169
2009.4927,42.101,35.23,45.717
2009.5198,47.249,31.071,44.673
2009.547,48.127,32.997,45.338
2009.5741,53.996,34.176,47.474
2009.6013,57.404,24.514,42.083
2009.6284,65.389,22.978,43.232
2009.6556,72.067,29.796,49.038
2009.6827,73.205,33.17,50.506
2009.7099,72.399,35.769,50.855
2009.737,75.585,28.636,47.365
2009.7642,65.983,32.889,45.544
2009.7913,63.07,38.871,47.685
2009.8184,63.075,46.435,52.336
2009.8456,62.655,49.685,54.538
2009.8727,52.791,45.958,48.978
2009.8999,53.32,41.828,47.605
2009.927,46.465,41.179,45.401
2009.9542,37.661,49.314,47.678
2009.9813,37.62,56.767,53.142
2010.0085,31.284,53.366,49.536
2010.0356,25.411,51.109,46.686
2010.0628,12.342,54.702,44.267
2010.0899,8.114,50.866,40.904
2010.1171,12.005,58.937,47.728
2010.1442,19.827,63.416,53.985
2010.1714,21.825,64.558,55.642
2010.1985,14.246,54.671,46.863
2010.2257,13.335,51.068,44.525
2010.2528,18.152,48.75,45.186
2010.28,21.825,52.692,49.098
2010.3071,24.781,54.172,51.312
2010.3343,24.711,56.315,52.597
2010.3614,26.167,47.179,47.776
2010.3886,27.965,46.339,48.005
2010.4157,32.253,42.135,47.149
2010.4429,35.291,47.978,51.652
2010.47,42.469,48.438,54.458
2010.4971,40.22,49.21,53.484
2010.5243,50.406,34.36,48.093
2010.5514,53.415,33.183,47.763
2010.5786,52.101,34.717,47.145
2010.6057,58.917,29.183,45.592
2010.6329,65.551,36.945,51.782
2010.66,68.384,26.327,45.626
2010.6872,66.002,26.535,43.728
2010.7143,67.815,23.881,42.084
2010.7415,65.825,24.776,41.268
2010.7686,70.413,25.597,43.36
2010.7958,73.332,35.395,50.165
2010.8229,66.836,36.806,48.586
2010.8501,58.128,34.763,44.281
2010.8772,52.196,33.227,41.655
2010.9044,41.361,35.411,39.39
2010.9315,41.026,44.128,45.394
2010.9587,38.633,45.985,46.572
2010.9858,34.141,46.744,46.239
2011.013,30.716,42.938,43.566
2011.0401,23.483,41.86,40.867
2011.0673,13.902,46.066,40.21
2011.0944,5.609,58.039,44.603
2011.1216,11.143,57.75,47.179
2011.1487,12.212,56.681,47.204
2011.1759,5.104,51.587,41.495
2011.203,-3.162,52.335,38.762
2011.2301,1.947,50.059,39.638
2011.2573,6.924,54.432,44.347
2011.2844,9.723,54.341,45.565
2011.3116,6.473,56.161,45.436
2011.3387,11.241,43.769,39.95
2011.3659,15.227,43.848,41.693
2011.393,23.428,40.976,43.279
2011.4202,27.654,42.534,45.798
2011.4473,36.603,44.948,50.622
2011.4745,41.769,42.459,50.851
2011.5016,36.549,37.509,45.232
2011.5288,39.179,35.927,44.625
2011.5559,48.907,33.101,46.036
2011.5831,56.439,33.43,48.299
2011.6102,63.333,41.081,54.525
2011.6374,66.79,35.568,51.543
2011.6645,68.948,30.156,48.207
2011.6917,64.159,32.53,46.66
2011.7188,67.652,30.675,46.284
2011.746,67.28,36.346,48.924
2011.7731,71.356,41.981,53.569
2011.8003,72.225,41.945,53.828
2011.8274,63.727,35.358,46.806
2011.8546,58.443,33.233,43.885
2011.8817,49.444,39.057,44.402
2011.9089,48.666,52.376,52.858
2011.936,51.497,49.351,53.23
2011.9631,45.172,45.614,49.491
2011.9903,36.838,48.626,48.917
2012.0174,34.488,54.17,52.218
2012.0446,26.415,59.324,52.83
2012.0717,26.632,66.007,57.621
2012.0989,19.153,68.557,56.729
2012.126,18.327,66.719,55.61
2012.1532,10.008,64.715,51.437
2012.1803,11.12,57.088,47.644
2012.2075,21.211,58.073,52.46
2012.2346,26.954,64.312,58.569
2012.2618,21.517,62.509,55.433
2012.2889,20.637,60.083,53.742
2012.3161,21.888,56.24,52.022
2012.3432,24.487,53.438,51.481
2012.3704,32.684,54.384,55.351
2012.3975,39.112,51.143,55.965
2012.4247,38.7,54.225,57.505
2012.4518,43.586,55.712,60.105
2012.479,46.319,43.771,53.691
2012.5061,51.682,42.912,54.763
2012.5333,59.748,50.06,61.523
2012.5604,67.345,50.578,64.028
2012.5876,74.886,44.085,62.152
2012.6147,75.083,42.227,60.067
2012.6419,72.812,32.942,52.44
2012.669,74.947,39.773,56.456
2012.6961,79.47,40.535,57.824
2012.7233,83.153,50.921,64.698
2012.7504,88.455,45.719,63.328
2012.7776,78.601,47.833,60.217
2012.8047,71.692,46.084,56.444
2012.8319,68.279,49.719,57.525
2012.859,69.288,51.148,59.318
2012.8862,68.955,56.288,63.006
2012.9133,65.818,58.031,63.669
2012.9405,59.783,57.225,61.746
2012.9676,53.291,54.447,58.504
2012.9948,48.216,61.68,61.747
2013.0219,41.826,64.677,61.889
2013.0491,42.422,66.982,64.321
2013.0762,39.225,67.524,63.984
2013.1034,31.808,67.212,61.167
2013.1305,25.7,65.306,58.161
2013.1577,22.666,66.361,57.881
2013.1848,22.479,76.215,63.789
2013.212,30.486,74.929,66.444
2013.2391,34.585,70.382,
2013.2663,28.624,63.805,59.101
2013.2934,23.832,60.287,55.347
2013.3206,29.272,60.864,58.031
2013.3477,35.302,62.769,61.661
2013.3749,39.169,59.395,61.204
2013.402,41.791,53.843,58.914
2013.4291,43.97,50.638,57.773
2013.4563,42.184,47.557,54.929
2013.4834,51.287,47.481,58.137
2013.5106,58.308,46.937,60.037
2013.5377,64.895,46.034,61.383
2013.5649,67.734,47.404,62.414
2013.592,72.206,40.525,59.185
2013.6192,72.497,30.226,52.117
2013.6463,75.866,35.224,55.342
2013.6735,78.224,43.756,60.026
2013.7006,81.587,43.375,
2013.7278,82.876,42.974,60.224
2013.7549,82.125,35.965,55.307
2013.7821,80.344,36.465,54.657
2013.8092,78.021,49.384,61.335
2013.8364,75.166,51.062,61.503
2013.8635,68.294,56.361,62.432
2013.8907,65.842,58.415,63.435
2013.9178,55.578,58.389,60.16
2013.945,47.291,53.524,54.927
2013.9721,45.383,59.871,58.974
2013.9993,46.902,63.605,62.804
2014.0264,40.417,68.653,64.102
2014.0536,34.571,67.932,62.125
2014.0807,23.058,67.1,57.643
2014.1079,21.168,72.272,60.502
2014.135,23.216,74.869,63.246
2014.1621,18.486,82.303,66.032
2014.1893,21.125,82.769,67.625
2014.2164,21.179,74.717,62.877
2014.2436,18.83,71.637,60.226
2014.2707,19.956,69.597,59.537
2014.2979,28.177,67.672,61.906
2014.325,32.164,65.174,62.087
2014.3522,35.404,62.762,61.978
2014.3793,32.637,61.974,60.466
2014.4065,36.694,59.913,60.794
2014.4336,35.335,58.212,59.102
2014.4608,47.413,53.155,60.625
2014.4879,63.278,55.548,68.003
2014.5151,65.126,54.504,67.494
2014.5422,62.662,54.108,65.445
2014.5694,66.721,44.493,60.46
2014.5965,69.963,45.888,61.535
2014.6237,75.364,52.268,66.421
2014.6508,83.605,54.813,70.177
2014.678,88.856,48.737,67.697
2014.7051,87.648,47.872,65.864
2014.7323,75.591,44.034,58.023
2014.7594,79.244,46.929,60.736
2014.7866,83.396,55.52,67.344
2014.8137,82.41,58.394,68.78
2014.8409,79.392,53.893,65.301
2014.868,70.305,58.685,65.015
2014.8951,59.157,55.438,59.381
2014.9223,59.013,57.644,61.591
2014.9494,63.004,68.561,70.723
2014.9766,56.99,70.551,70.522
2015.0037,49.183,67.742,66.662
2015.0309,39.398,69.746,64.804
2015.058,31.524,69.317,62.115
2015.0852,33.878,77.533,68.589
2015.1123,29.822,81.37,69.745
2015.1395,33.825,86.893,75.007
2015.1666,34.251,85.865,
2015.1938,33.765,75.001,
2015.2209,28.41,74.568,
2015.2481,28.377,82.965,
2015.2752,33.571,81.627,
2015.3024,42.266,80.659,
2015.3295,43.258,79.339,
2015.3567,39.843,70.164,
2015.3838,40.691,68.148,
2015.411,49.984,69.008,
2015.4381,47.774,75.158,
2015.4653,59.384,74.333,
2015.4924,71.99,65.995,
2015.5196,69.026,60.68,
2015.5467,71.222,60.551,
2015.5739,77.134,61.226,
2015.601,88.087,60.193,
2015.6281,87.809,63.81,
2015.6553,91.575,64.703,
2015.6824,97.315,60.227,
2015.7096,90.066,61.848,
2015.7367,92.49,62.786,
2015.7639,99.108,66.773,
2015.791,96.789,71.575,
2015.8182,92.405,74.234,
2015.8453,81.278,72.443,
2015.8725,79.341,67.228,
2015.8996,78.108,74.586,
2015.9268,76.599,77.518,
2015.9539,69.691,77.618,
2015.9811,59.957,76.646,
2016.0082,46.712,77.585,
